ItemName,ProductLine,ItemDescription,CommonName,Quantity,ContainerSize,QuantityAvailable
ANGE-T50,Graminoid,Andropogon gerardii -Tube 50,big bluestem,50,50 Cell Tube Tray,48
ANVI2-T50,Graminoid,Andropogon virginicus -Tube 50,broomsedge bluestem,50,50 Cell Tube Tray,138
CACO8-T50,Graminoid,Carex comosa -Tube 50,longhair sedge,50,50 Cell Tube Tray,50
CADE5-T50,Graminoid,Carex debilis -Tube 50,white edge sedge,50,50 Cell Tube Tray,98
CAIN12-T50,Graminoid,Carex intumescens -Tube 50,greater bladder sedge,50,50 Cell Tube Tray,572
CASC11-T50,Graminoid,Carex scoparia -Tube 50,broom sedge,50,50 Cell Tube Tray,83
CASI6-T50,Graminoid,Carex silicea -Tube 50,beach sedge,50,50 Cell Tube Tray,1000
CIAR2-T50,Graminoid,Cinna arundinacea -Tube 50,sweet woodreed,50,50 Cell Tube Tray,1100
CYGR2-T50,Graminoid,Cyperus grayi -Tube 50,Gray's flatsedge,50,50 Cell Tube Tray,224
DACO-T50,Graminoid,Danthonia compressa -Tube 50,flattened oatgrass,50,50 Cell Tube Tray,298
DASP2-T50,Graminoid,Danthonia spicata -Tube 50,poverty oatgrass,50,50 Cell Tube Tray,1390
DISP-T50,Graminoid,Distichlis spicata -Tube 50,saltgrass,50,50 Cell Tube Tray,302
JUGR-T50,Graminoid,Juncus greenei -Tube 50,Greene's rush,50,50 Cell Tube Tray,1629
LUMU2-T50,Graminoid,Luzula multiflora -Tube 50,common woodrush,50,50 Cell Tube Tray,35
PAVI2-T50,Graminoid,Panicum virgatum -Tube 50,switchgrass,50,50 Cell Tube Tray,189
SCLI11-T50,Graminoid,Schizachyrium littorale -Tube 50,shore little bluestem,50,50 Cell Tube Tray,80
SCPU5-T50,Graminoid,Schoenoplectus pungens -Tube 50,common threesquare,50,50 Cell Tube Tray,149
SCSC-T50,Graminoid,Schizachyrium scoparium -Tube 50,little bluestem,50,50 Cell Tube Tray,488
SONU2-T50,Graminoid,Sorghastrum nutans -Tube 50,Yellow Indiangrass,50,50 Cell Tube Tray,1169
SPPE-T50,Graminoid,Spartina pectinata -Tube 50,prairie cordgrass,50,50 Cell Tube Tray,21
AGALR-T50,Herb,Ageratina altissima - Tube 50,white snakeroot,50,50 Cell Tube Tray,391
ANPL-T50,Herb,Antennaria plantaginifolia - Tube 50,woman's tobacco,50,50 Cell Tube Tray,11
ANVI3-T50,Herb,Anemone virginiana - Tube 50,tall thimbleweed,50,50 Cell Tube Tray,105
APCA-T50,Herb,Apocynum cannabinum - Tube 50,Indianhemp,50,50 Cell Tube Tray,52
AQCA-T50,Herb,Aquilegia canadensis - Tube 50,red columbine,50,50 Cell Tube Tray,21
CRCA9-T50,Herb,Cryptotaenia canadensis - Tube 50,Canadian honewort,50,50 Cell Tube Tray,28
DEGL5-T50,Herb,Desmodium glutinosum - Tube 50,pointedleaf ticktrefoil,50,50 Cell Tube Tray,55
DEPA6-T50,Herb,Desmodium paniculatum - Tube 50,panicledleaf ticktrefoil,50,50 Cell Tube Tray,482
EUGR5-T50,Herb,Euthamia graminifolia - Tube 50,flat-top goldentop,50,50 Cell Tube Tray,1665
EURA5-G,Herb,Eubotrys racemosa - Gallon,swamp doghobble,1,Gallon,99
GECA7-T50,Herb,Geum canadense - Tube 50,white avens,50,50 Cell Tube Tray,234
HEAU-T50,Herb,Helenium autumnale - Tube 50,common sneezeweed,50,50 Cell Tube Tray,27
LECA8-T50,Herb,Lespedeza capitata - Tube 50,roundhead lespedeza,50,50 Cell Tube Tray,1177
LEMA-T50,Herb,Lechea maritima - Tube 50,beach pinweed,50,50 Cell Tube Tray,800
LOCA2-T50,Herb,Lobelia cardinalis - Tube 50,cardinalflower,50,50 Cell Tube Tray,14
LOIN-T50,Herb,Lobelia inflata - Tube 50,Indian-tobacco,50,50 Cell Tube Tray,300
LYAM-T50,Herb,Lycopus americanus - Tube 50,American water horehound,50,50 Cell Tube Tray,22
MIRI-T50,Herb,Mimulus ringens - Tube 50,Allegheny monkeyflower,50,50 Cell Tube Tray,150
OEBI-T50,Herb,Oenothera biennis - Tube 50,common evening primrose,50,50 Cell Tube Tray,285
PEDI-T50,Herb,Penstemon digitalis - Tube 50,foxglove beardtongue,50,50 Cell Tube Tray,5
POSI2-T50,Herb,Potentilla simplex - Tube 50,common cinquefoil,50,50 Cell Tube Tray,702
SIST-T50,Herb,Silene stellata - Tube 50,widowsfrill,50,50 Cell Tube Tray,369
SOBI-T50,Herb,Solidago bicolor - Tube 50,white goldenrod,50,50 Cell Tube Tray,152
SOCA4-T50,Herb,Solidago caesia - Tube 50,wreath goldenrod,50,50 Cell Tube Tray,185
SOJU-T50,Herb,Solidago juncea - Tube 50,early goldenrod,50,50 Cell Tube Tray,4740
SONE-T50,Herb,Solidago nemoralis - Tube 50,gray goldenrod,50,50 Cell Tube Tray,144
SOOD-T50,Herb,Solidago odora - Tube 50,anisecented goldenrod,50,50 Cell Tube Tray,50
SORU2-T50,Herb,Solidago rugosa - Tube 50,wrinkleleaf goldenrod,50,50 Cell Tube Tray,220
SOSE-T50,Herb,Solidago sempervirens - Tube 50,seaside goldenrod,50,50 Cell Tube Tray,220
ZIAU-T50,Herb,Zizia aurea - Tube 50,golden zizia,50,50 Cell Tube Tray,19
AMNA2-G,Shrub,Amelanchier nantucketensis - Gallon (R T E),Nantucket serviceberry,1,Gallon,194
ARAR7-G,Shrub,Aronia arbutifolia - Gallon,red chokeberry,1,Gallon,838
ARME6-G,Shrub,Aronia melanocarpa - Gallon,black chokeberry,1,Gallon,2363
ARPR2-G,Shrub,Aronia prunifolia - Gallon,purple chokeberry,1,Gallon,2143
CEOC2-G,Shrub,Cephalanthus occidentalis - Gallon,common buttonbush,1,Gallon,7
CLAL3-G,Shrub,Clethra alnifolia - Gallon,coastal sweetpepperbush,1,Gallon,8
COAM2-G,Shrub,Cornus amomum - Gallon,silky dogwood,1,Gallon,299
COPE80-G,Shrub,Comptonia peregrina - Gallon,sweet fern,1,Gallon,4
COSE16-G,Shrub,Cornus sericea - Gallon,redosier dogwood,1,Gallon,24
ILGL-G,Shrub,Ilex glabra - Gallon,inkberry,1,Gallon,41
ILVE-G,Shrub,Ilex verticillata - Gallon,common winterberry,1,Gallon,72
LYLI-G,Shrub,Lyonia ligustrina - Gallon,maleberry,1,Gallon,105
RHAR4-G,Shrub,Rhus aromatica - Gallon,fragrant sumac,1,Gallon,1
RHCO-G,Shrub,Rhus copallinum - Gallon,winged sumac,1,Gallon,769
RHGL-G,Shrub,Rhus glabra - Gallon,smooth sumac,1,Gallon,1048
RHTY-G,Shrub,Rhus typhina - Gallon,staghorn sumac,1,Gallon,691
RHVI2-G,Shrub,Rhododendron viscosum - Gallon,swamp azalea,1,Gallon,237
ROPA-G,Shrub,Rosa palustris - Gallon,swamp rose,1,Gallon,323
ROVI2-G,Shrub,Rosa virginiana - Gallon,Virginia rose,1,Gallon,315
RUFL-G,Shrub,Rubus flagellaris - Gallon,northern dewberry,1,Gallon,185
RUHI-G,Shrub,Rubus hispidus - Gallon,bristly dewberry,1,Gallon,208
RUPE3-G,Shrub,Rubus pensilvanicus - Gallon,Pennsylvania blackberry,1,Gallon,177
SPALL-G,Shrub,Spiraea alba v. latifolia - Gallon,white meadowsweet,1,Gallon,12
VAFU-G,Shrub,Vaccinium fuscatum - Gallon,black highbush blueberry,1,Gallon,103
ACNE2-G,Tree,Acer negundo - Gallon,boxelder,1,Gallon,42
ACSA2-G,Tree,Acer saccharinum - Gallon,silver maple,1,Gallon,36
BEPO-G,Tree,Betula populifolia - Gallon,gray birch,1,Gallon,9
CACO15-G,Tree,Carya cordiformis - Gallon,bitternut hickory,1,Gallon,17
CAOV2-G,Tree,Carya ovata - Gallon,shagbark hickory,1,Gallon,110
CATO6-G,Tree,Carya tomentosa - Gallon,mockernut hickory,1,Gallon,18
FAGR-G,Tree,Fagus grandifolia - Gallon,American beech,1,Gallon,35
JUVI-G,Tree,Juniperus virginiana - Gallon,eastern redcedar,1,Gallon,47
MAVI2-G,Tree,Magnolia virginiana - Gallon (R T E),sweetbay,1,Gallon,28
NYSY-G,Tree,Nyssa sylvatica - Gallon,blackgum,1,Gallon,47
PIST-5G,Tree,Pinus strobus - 5 Gallon,eastern white pine,1,Gallon,6
PIST-G,Tree,Pinus strobus - Gallon,eastern white pine,1,Gallon,5
PODE3-G,Tree,Populus deltoides - Gallon,eastern cottonwood,1,Gallon,10
QUHE-G,Tree,Quercus x heterophylla - Gallon,Bartram oak - phellos x rubra,1,Gallon,5
QUIL-G,Tree,Quercus ilicifolia - Gallon,bear oak,1,Gallon,46
TIAM-G,Tree,Tilia americana - Gallon,American basswood,1,Gallon,17
AMBR2-T50,Vine,Amphicarpaea bracteata - Tube 50,American hogpeanut,50,50 Cell Tube Tray,75
PAQU2-T50,Vine,Parthenocissus quinquefolia - Tube 50,Virginia creeper,50,50 Cell Tube Tray,3284
