scientificName,commonName,ITIS_TSN,invasiveness_system,invasiveness_invasiveness,invasiveness_info,invasiveness_info_notes,status_proximity,status_abundance,status_habitat,status_info,status_info_notes,impacts_impacts,impacts_info,impacts_info_notes,legal_legal,legal_info,legal_info_notes,score_invasiveness,weight_invasiveness,score_status,weight_status,score_impacts,weight_impacts,score_legal,weight_legal,score_total
Aegilops cylindrica,jointed goatgrass,,Custom,Low,Not Specified,"Winter annual troublesome in winter wheat-fallow production areas.  Can also be found along roadsides, waste areas, alfalfa fields, and pastures.

Refuge habitats: Agriculture, Wetland (<10%)",<50 miles (<80 km),Not Within Project Scope,Low Suitable Habitat,Not Specified,Both,Low,Not Specified,Does not move well into undisturbed habitat.,No,Not Specified,"State of Idaho: Contain

Counties:
Cassia, Power, Blaine, Jefferson

Propose that state ""EDRR"" and ""Control"" = yes",0,0,1.07,0.4,0.5,0.5,0,0.1,1.57
Agropyron cristatum,crested wheatgrass,,Custom,Low,Not Specified,"Dry uplands.  Not an invader, but very difficult to diversify seedings.

Refuge Habitats: Uplands",Within the Project Scope,Moderate (10-25%),Low Available Habitat,Not Specified,,High,Not Specified,Bloom Period:,No,Not Specified,"State of Idaho: No

Counties:
Not listed",0,0,2.67,0.4,3.5,0.5,0,0.1,6.17
Berteroa incana,hoary alyssum,,Custom,Medium / Low,Not Specified,"Dry conditions on sandy or gravelly soils.  Stressed areas.

Refuge Habitats: Meadow, upland, ag",<50 miles (<80 km),Not Within Project Scope,High Suitable Habitat,Not Specified,,Very High,Not Specified,Forms monoculture and is alelopathic.,No,Not Specified,"State of Idaho: Contain

Counties:
Cassia, Blaine, Jefferson",0,0,2,0.4,5,0.5,0,0.1,7
Bromus inermis,smooth brome,,Custom,Medium,Not Specified,"Riparian zones, valley bottoms, dryland sites.

Refuge Habitats: meadow, a little bit of upland, agriculture",Within the Project Scope,Low (<10%),High Available Habitat,Not Specified,Not spreading in Idaho but is in other places.,High,Not Specified,Bloom Period:,No,Not Specified,"State of Idaho: Not listed

Counties:
Not listed",0,0,4,0.4,3.5,0.5,0,0.1,7.5
Bromus tectorum,cheatgrass,,Custom,Medium,Not Specified,"Dry soils.

Refuge Habitats: aerobic",Within the Project Scope,High (25-60%),Moderate Available Habitat,Not Specified,,High,Not Specified,Bloom Period:,No,Not Specified,"State of Idaho: Not listed

Counties:
Not listed (Jefferson)",0,0,2.67,0.4,3.5,0.5,0,0.1,6.17
Bryonia alba,white bryony,,Custom,Medium / Low,Not Specified,"Insufficient information for ranking.

It occurs as a climber in trees and fence rows and when disseminated in an area where there is nothing to climb, it will form dense mats shading out all other vegetation. It grows in disturbed areas, riparian areas",<1 mile (<2 km),Not Within Project Scope,Moderate Suitable Habitat,Not Specified,"Habitat: wetlands, agriculture, meadow (mesic)",High,Not Specified,Bloom Period: June,No,Not Specified,"State of Idaho: Contain

Counties:
Cassia, Minidoka, Power, Jefferson",0,0,2.13,0.4,3.5,0.5,0,0.1,5.63
Butomus umbellatus,flowering rush,,Custom,Medium,Not Specified,"Deep or shallow water marshes/wetlands.

Refuge Habitats: wetland, wet meadow",<1 mile (<2 km),Not Within Project Scope,High Suitable Habitat,Not Specified,Minidoka- not past Idaho Falls (Camas),High,Not Specified,Bloom Period:,No,Not Specified,"State of Idaho: Contain

Counties:
Cassia, Power",0,0,2.53,0.4,3.5,0.5,0,0.1,6.03
Carduus acanthoides,plumeless thistle,,Custom,High / Medium,Not Specified,"Pastures, stream valleys, fields, roadsides.

Refuge Habitats: agriculture, meadow, ""wetter"" uplands",<100 miles (<160 km),Not Within Project Scope,Moderate Suitable Habitat,Not Specified,,Unknown,Not Specified,Bloom Period:,No,Not Specified,"State of Idaho: Contain

Counties:
Cassia, Jefferson",0,0,1.33,0.4,1.5,0.5,0,0.1,2.83
Carduus nutans,musk thistle,,Custom,High / Medium,Not Specified,"Pastures, rangeland, native meadows, roadsides, forests, stream banks, grain fields.

Refuge Habitats: all habitats except inundated",Within the Project Scope,Low (<10%),High Available Habitat,Not Specified,,High,Not Specified,Bloom Period: May-October,Yes,Not Specified,"State of Idaho: Control

Counties:
Cassia, Minidoka, Power, Jefferson",0,0,4,0.4,3.5,0.5,1,0.1,8.5
Centaurea calcitrapa,purple starthistle,,Custom,Medium / Low,Not Specified,anything not standing water,<100 miles (<160 km),Not Within Project Scope,High Suitable Habitat,Not Specified,,High,Not Specified,,Yes,Not Specified,state EDRR,0,0,1.73,0.4,3.5,0.5,1,0.1,6.23
Centaurea diffusa,diffuse knapweed,,Custom,High / Medium,Not Specified,"River shores, rangelands, pastures (variety of places).

Refuge Habitats: all habitat types except anaerobic",Within the Project Scope,Low (<10%),High Available Habitat,Not Specified,,High,Not Specified,Bloom Period: June-October,No,Not Specified,"State of Idaho: Contain

Counties:
Cassia, Power, Blaine, Jefferson, Minidoka",0,0,4,0.4,3.5,0.5,0,0.1,7.5
Centaurea solstitialis,yellow starthistle,,Custom,Medium,Not Specified,"Rangelands and pastures.

Refuge Habitats: Uplands, meadow, agriculture,",<50 miles (<80 km),Not Within Project Scope,High Suitable Habitat,Not Specified,,High,Not Specified,Bloom Period: Jun-Jul,No,Not Specified,"State of Idaho: Contain

Counties:
Cassia",0,0,2,0.4,3.5,0.5,0,0.1,5.5
Centaurea stoebe ssp. micranthos,spotted knapweed,,Custom,High,Not Specified,"Meadows, pastures, rocky areas- pretty much anywhere.

Refuge Habitats: everywhere but wetlands",<1 mile (<2 km),Not Within Project Scope,High Suitable Habitat,Not Specified,,Very High,Not Specified,Bloom Period:,No,Not Specified,"State of Idaho: Contain

Counties:
Cassia, Power, Blaine, Jefferson, Minidoka",0,0,2.53,0.4,5,0.5,0,0.1,7.53
Centaurea virgata,squarrose knapweed,,Custom,Medium / Low,Not Specified,"Degraded rangeland soils.

Refuge Habitats: ag, meadow, upland",<50 miles (<80 km),Not Within Project Scope,High Suitable Habitat,Not Specified,,High,Not Specified,Bloom Period:,Yes,Not Specified,"State of Idaho: EDRR

Counties:
Cassia",0,0,2,0.4,3.5,0.5,1,0.1,6.5
Chondrilla juncea,rush skeletonweed,,Custom,Medium / Low,Not Specified,"Pastures, rangeland, cropland, roadsides, open and disturbed areas.

Refuge Habitats:all but inundated acres",Within the Project Scope,Low (<10%),High Available Habitat,Not Specified,,Very High,Not Specified,Bloom Period: varies (after rain),No,Not Specified,"State of Idaho: Contain

Counties:
Cassia, Power, Blaine, Jefferson, Minidoka",0,0,4,0.4,5,0.5,0,0.1,9
Cirsium arvense,Canada thistle,,Custom,High / Medium,Not Specified,"Pastures and croplands.  Wet areas with fluctuating water levels.

Refuge Habitats: wetland, meadow, agriculture, upland",Within the Project Scope,Moderate (10-25%),Moderate Available Habitat,Not Specified,,Medium,Not Specified,Bloom Period:,No,Not Specified,"State of Idaho: Contain

Counties:
Cassia, Power, Blaine, Jefferson, Minidoka",0,0,3.2,0.4,1.5,0.5,0,0.1,4.7
Conium maculatum,poison hemlock,,Custom,High / Medium,Not Specified,"Rich, moist soil but adaptable to other conditions.

Refuge Habitats: meadow, ""drier"" wetland, agriculture",Within the Project Scope,Moderate (10-25%),High Available Habitat,Not Specified,,High,Not Specified,Bloom Period:,No,Not Specified,"State of Idaho: Contain

Counties:
Cassia, Power, Blaine, Jefferson, Minidoka",0,0,3.6,0.4,3.5,0.5,0,0.1,7.1
Convolvulus arvensis,field bindweed,,Custom,Medium,Not Specified,"Wide range of conditions- full shade to full shade and is drought-tolerant.

Refuge Habitats: meadow, upland fringe, agriculture",Within the Project Scope,Low (<10%),Moderate Available Habitat,Not Specified,,Low,Not Specified,Bloom Period:,No,Not Specified,"State of Idaho: Contain

Counties:
Cassia, Power, Blaine, Jefferson, Minidoka",0,0,3.6,0.4,0.5,0.5,0,0.1,4.1
Cynoglossum officinale,houndstongue,,Custom,Medium,Not Specified,"Roadsides, meadows, and disturbed areas.  Shad tolerant and thrives in wetter grasslands.  

Refuge Habitats: meadow, wetlands, uplands, agriculture",Within the Project Scope,Low (<10%),Moderate Available Habitat,Not Specified,,High,Not Specified,Bloom Period:,No,Not Specified,"State of Idaho: Contain

Counties:
Cassia, Power, Blaine, Jefferson, Minidoka",0,0,3.6,0.4,3.5,0.5,0,0.1,7.1
Elaeagnus angustifolia,Russian olive,,Custom,High / Medium,Not Specified,"Along lakes, irrigation waterways, and right-of-ways.

Refuge Habitats: meadows,",Within the Project Scope,Moderate (10-25%),High Available Habitat,Not Specified,,Medium,Not Specified,Bloom Period:,No,Not Specified,"State of Idaho: Not listed

Counties:
Not listed",0,0,3.6,0.4,1.5,0.5,0,0.1,5.1
Euphorbia esula,leafy spurge,,Custom,High / Medium,Not Specified,"Wide range of habitats- especially disturbed areas.

Refuge Habitats: riparian, uplands",<10 miles (<16 km),Not Within Project Scope,High Suitable Habitat,Not Specified,,Medium,Not Specified,Bloom Period: jun-aug,No,Not Specified,"State of Idaho: Contain

Counties:
Cassia, Power, Blaine, Jefferson, Minidoka",0,0,2.27,0.4,1.5,0.5,0,0.1,3.77
Fallopia spp.,"knotweeds: Japanese, giant, Bohemian",,Custom,Medium,Not Specified,"Riparian areas and waterways. 

Refuge Habitats:",<50 miles (<80 km),Not Within Project Scope,Low Suitable Habitat,Not Specified,urban,Medium,Not Specified,Bloom Period:,Yes,Not Specified,"State of Idaho: Control

Counties:
Cassia, Jefferson",0,0,1.07,0.4,1.5,0.5,1,0.1,3.57
Hyoscyamus niger,black henbane,,Custom,Medium / Low,Not Specified,"Pastures, fence rows, roadsides, waste areas.

Refuge Habitats: uplands, meadow, drier wetland",Within the Project Scope,Low (<10%),Moderate Available Habitat,Not Specified,,Medium,Not Specified,Bloom Period: may-jul,Yes,Not Specified,"State of Idaho: Control

Counties:
Cassia, Power, Blaine, Jefferson, Minidoka",0,0,3.6,0.4,1.5,0.5,1,0.1,6.1
Iris pseudacorus,yellowflag iris,,Custom,Medium,Not Specified,"Wetlands along the margins of lakes and slow-moving rivers.

Refuge Habitats:",<50 miles (<80 km),Not Within Project Scope,High Suitable Habitat,Not Specified,,High,Not Specified,Bloom Period: may-jul,No,Not Specified,"State of Idaho: Contain

Counties:
Cassia",0,0,2,0.4,3.5,0.5,0,0.1,5.5
Isatis tinctoria,Dyer's woad,,Custom,Medium,Not Specified,"Allelopathic properties.  Rocky soils in rangelands/pastures.

Refuge Habitats:",<10 miles (<16 km),Not Within Project Scope,High Suitable Habitat,Not Specified,,Medium,Not Specified,Bloom Period:,Yes,Not Specified,"State of Idaho: Control

Counties:
Cassia, Power, Blaine, Jefferson, Minidoka",0,0,2.27,0.4,1.5,0.5,1,0.1,4.77
Lepidium draba,whitetop,,Custom,Medium,Not Specified,"Disturbed sites, pastures, roadsides, saline soils, along waterways.

Refuge Habitats:",Within the Project Scope,Low (<10%),High Available Habitat,Not Specified,,High,Not Specified,Bloom Period:,No,Not Specified,"State of Idaho: Contain

Counties:
Cassia, Power, Blaine, Jefferson, Minidoka",0,0,4,0.4,3.5,0.5,0,0.1,7.5
Lepidium latifolium,perennial pepperweed,,Custom,High / Medium,Not Specified,"Wet and mesic habitats (aerobic conditions).

Refuge Habitats:",Within the Project Scope,Moderate (10-25%),High Available Habitat,Not Specified,,High,Not Specified,Bloom Period:,No,Not Specified,"State of Idaho: Contain

Counties:
Cassia, Power, Blaine, Jefferson, Minidoka",0,0,3.6,0.4,3.5,0.5,0,0.1,7.1
Linaria dalmatica ssp. dalmatica,Dalmatian toadflax,,Custom,Medium / Low,Not Specified,"Roadsides, pastures, rangeland, waste places.

Refuge Habitats:",<50 miles (<80 km),Not Within Project Scope,High Suitable Habitat,Not Specified,,High,Not Specified,Bloom Period:,No,Not Specified,"State of Idaho: Contain

Counties:
Cassia, Jefferson, Blaine",0,0,2,0.4,3.5,0.5,0,0.1,5.5
Linaria vulgaris,yellow toadflax,,Custom,Medium,Not Specified,"Variey of habitats (roadsides, edges of fields, rangelands, meadows, wastelands).

Refuge Habitats:",<50 miles (<80 km),Not Within Project Scope,High Suitable Habitat,Not Specified,,High,Not Specified,Bloom Period:,No,Not Specified,"State of Idaho: Contain

Counties:
Cassia, Power, Blaine, Jefferson",0,0,2,0.4,3.5,0.5,0,0.1,5.5
Lythrum salicaria,purple loosestrife,,Custom,High / Medium,Not Specified,"Freshwater and brackish wetlands as well as streams, marshes, and moist habitats.

Refuge Habitats:",<50 miles (<80 km),Not Within Project Scope,High Suitable Habitat,Not Specified,,High,Not Specified,Bloom Period:,No,Not Specified,"State of Idaho: Contain

Counties:
Cassia, Power,  Jefferson, Minidoka",0,0,2,0.4,3.5,0.5,0,0.1,5.5
Myriophyllum aquaticum,parrotfeather,,Custom,High / Medium,Not Specified,"Freshwater ponds, streams, lakes, and canals.

Refuge Habitats:",<50 miles (<80 km),Not Within Project Scope,Moderate Suitable Habitat,Not Specified,,High,Not Specified,Bloom Period:,Yes,Not Specified,"State of Idaho: Control

Counties:
Cassia",0,0,1.6,0.4,3.5,0.5,1,0.1,6.1
Myriophyllum spicatum,Eurasian watermilfoil,,Custom,High / Medium,Not Specified,"Highly adaptable- streams, ponds, lakes, ditches.

Refuge Habitats:",>100 miles (>160 km),Not Within Project Scope,High Suitable Habitat,Not Specified,,High,Not Specified,Bloom Period:,Yes,Not Specified,"State of Idaho: Control

Counties:
Cassia",0,0,1.47,0.4,3.5,0.5,1,0.1,5.97
Onopordum acanthium,Scotch thistle,,Custom,Medium,Not Specified,"Wet meadows, pastures, dry pastures, rangelands.

Refuge Habitats:",Within the Project Scope,Moderate (10-25%),Moderate Available Habitat,Not Specified,,Medium,Not Specified,Bloom Period:,No,Not Specified,"State of Idaho: Contain

Counties:
Cassia, Power, Blaine, Jefferson, Minidoka",0,0,3.2,0.4,1.5,0.5,0,0.1,4.7
Phragmites australis,common reed (phragmites),,Custom,Medium,Not Specified,"Disturbed and undisturbed areas- roadside ditches and depressions.  In and around wetlands.

Refuge Habitats:",Within the Project Scope,Low (<10%),High Available Habitat,Not Specified,,High,Not Specified,Bloom Period:,Yes,Not Specified,"State of Idaho: Control

Counties:
Cassia",0,0,4,0.4,3.5,0.5,1,0.1,8.5
Potamogeton crispus,curlyleaf pondweed,,Custom,Medium,Not Specified,"Shallow to deep, still or flowing water and is tolerant of disturbance.�

Refuge Habitats:",Within the Project Scope,Moderate (10-25%),High Available Habitat,Not Specified,,High,Not Specified,Bloom Period:,No,Not Specified,"State of Idaho: Contain

Counties:
Cassia, Power, Blaine, Jefferson",0,0,3.6,0.4,3.5,0.5,0,0.1,7.1
Rhaponticum repens,Russian knapweed,,Custom,Medium,Not Specified,"Pastures, hayfields, grain fields, irrigation ditches, roadsides.

Refuge Habitats:",Within the Project Scope,Moderate (10-25%),High Available Habitat,Not Specified,,High,Not Specified,Bloom Period:,Yes,Not Specified,"State of Idaho: Control

Counties:
Cassia, Power, Blaine, Jefferson, Minidoka",0,0,3.6,0.4,3.5,0.5,1,0.1,8.1
Salvia aethiopis,Mediterranean sage,,Custom,Medium,Not Specified,"Invades both disturbed and undisturbed rangeland.  Can form dense monocultures.

Refuge Habitats:",<50 miles (<80 km),Not Within Project Scope,High Suitable Habitat,Not Specified,,Unknown,Not Specified,Bloom Period:,Yes,Not Specified,"State of Idaho: Control

Counties:
Cassia, Jefferson",0,0,2,0.4,1.5,0.5,1,0.1,4.5
Solanum rostratum,buffalobur,,Custom,Medium,Not Specified,everything but water,<50 miles (<80 km),Not Within Project Scope,High Suitable Habitat,Not Specified,,High,Not Specified,,Yes,Not Specified,state control,0,0,2,0.4,3.5,0.5,1,0.1,6.5
Taeniatherum caput-medusae,medusahead rye,,Custom,Medium,Not Specified,,<50 miles (<80 km),Not Within Project Scope,High Suitable Habitat,Not Specified,,Very High,Not Specified,,No,Not Specified,,0,0,2,0.4,5,0.5,0,0.1,7
Tamarix ramosissima,saltcedar,,Custom,High,Not Specified,"Variety of habitats (moist soils and seasonally saturated at surface).

Refuge Habitats:",Within the Project Scope,Low (<10%),High Available Habitat,Not Specified,Historic,Very High,Not Specified,Bloom Period:,No,Not Specified,"State of Idaho: Contain

Counties:
Cassia, Power, Jefferson, Minidoka",0,0,4,0.4,5,0.5,0,0.1,9
Tanacetum vulgare,common tansy,,Custom,Medium,Not Specified,"Roadsides, waste areas, streambanks, pastures.

Refuge Habitats:",<50 miles (<80 km),Not Within Project Scope,Moderate Suitable Habitat,Not Specified,Bloom Period: may-jul,Medium,Not Specified,,No,Not Specified,,0,0,1.6,0.4,1.5,0.5,0,0.1,3.1
Tribulus terrestris,puncturevine,,Custom,High / Medium,Not Specified,"Pastures, roadsides, waste places.

Refuge Habitats:",Within the Project Scope,Low (<10%),Low Available Habitat,Not Specified,,Unknown,Not Specified,Bloom Period:,No,Not Specified,"State of Idaho: Contain

Counties:
Cassia, Power, Blaine, Jefferson, Minidoka",0,0,3.07,0.4,3.5,0.5,0,0.1,6.57
Typha glauca,hybrid cattail,,Custom,Medium,Not Specified,"Emergent habitat.

Refuge Habitats:",<10 miles (<16 km),Not Within Project Scope,High Suitable Habitat,Not Specified,,High,Not Specified,Bloom Period:,No,Not Specified,"State of Idaho: Not listed

Counties:
Not listed",0,0,2.27,0.4,3.5,0.5,0,0.1,5.77
Ventenata dubia,ventenata,,Custom,Medium / Low,Not Specified,,>100 miles (>160 km),Not Within Project Scope,High Suitable Habitat,Not Specified,,High,Not Specified,,No,Not Specified,,0,0,1.47,0.4,3.5,0.5,0,0.1,4.97
Verbascum thapsus,common mullein,,Custom,Medium / Low,Not Specified,"Disturbed areas.

Refuge Habitats:",Within the Project Scope,Low (<10%),Moderate Available Habitat,Not Specified,Bloom Period:,Medium,Not Specified,,No,Not Specified,,0,0,3.6,0.4,1.5,0.5,0,0.1,5.1
