area,description_integrity,description_resistance,description_importanceGov,description_importanceOther,description_info,description_info_notes,risk_pathTerrestrial,risk_pathAquatic,risk_transport,risk_anthropogenic,risk_info,risk_info_notes,status_inventory,status_Infestation,status_count,status_info,status_info_notes,score_description,weight_description,score_risk,weight_risk,score_status,weight_status,score_total
Minidoka_WetMeadow_Degraded,Poor,High,,High,Not Specified,,Medium Coverage and/or Density,Medium Coverage and/or Density,High Vector Frequency / Duration,Low Anthropogenic Disturbance,Not Specified,,"Past 10 years, but not comprehensive or well documented",Low (1-5%),1 to 5 Species,Not Specified,,1.2,0.4,1.88,0.3,1.5,0.3,4.58
Minidoka_WetMeadow_Intact,Good,Moderate,,High,Not Specified,,Medium Coverage and/or Density,High Coverage and/or Density,High Vector Frequency / Duration,Low Anthropogenic Disturbance,Not Specified,,"Past 10 years, but not comprehensive or well documented",Low (1-5%),1 to 5 Species,Not Specified,,2.2,0.4,2.1,0.3,2.4,0.3,6.7
Minidoka_OpenWater,Good,Low,,High,Not Specified,,No Terrestrial Pathways,High Coverage and/or Density,High Vector Frequency / Duration,High Anthropogenic Disturbance,Not Specified,,"Past 10 years, but not comprehensive or well documented",Low (1-5%),1 to 5 Species,Not Specified,,2.7,0.4,2.25,0.3,2.1,0.3,7.05
Minidoka_Emergent Wetland,Fair,Moderate,,High,Not Specified,,Medium Coverage and/or Density,High Coverage and/or Density,High Vector Frequency / Duration,Low Anthropogenic Disturbance,Not Specified,,"Past 10 years, but not comprehensive or well documented",Low (1-5%),1 to 5 Species,Not Specified,,1.8,0.4,2.1,0.3,1.7,0.3,5.6
Minidoka_Juniper_Grassland,Good,Moderate,,Medium,Not Specified,,High Coverage and/or Density,Low Coverage and/or Density,High Vector Frequency / Duration,High Anthropogenic Disturbance,Not Specified,,"Past 10 years, but not comprehensive or well documented",Low (1-5%),1 to 5 Species,Not Specified,,1.7,0.4,2.48,0.3,2.1,0.3,6.28
Minidoka_Upland_Grassland,Fair,Moderate,,High,Not Specified,,High Coverage and/or Density,No Aquatic Pathways,No Vectors or Low Vector Frequency / Duration,Low Anthropogenic Disturbance,Not Specified,,"Past 10 years, but not comprehensive or well documented",Low (1-5%),6 to 10 Species,Not Specified,,1.8,0.4,0.9,0.3,1.1,0.3,3.8
Minidoka_Sagebrush_Steppe,Fair,Moderate,,High,Not Specified,,High Coverage and/or Density,Low Coverage and/or Density,Medium Vector Frequency / Duration,Medium Anthropogenic Disturbance,Not Specified,,"Past 10 years, but not comprehensive or well documented",Low (1-5%),6 to 10 Species,Not Specified,,1.8,0.4,1.73,0.3,1.1,0.3,4.63
Minidoka_Riparian,Fair,High,,High,Not Specified,,Medium Coverage and/or Density,High Coverage and/or Density,Medium Vector Frequency / Duration,Low Anthropogenic Disturbance,Not Specified,,"Past 10 years, but not comprehensive or well documented",Low (1-5%),1 to 5 Species,Not Specified,,1.4,0.4,1.73,0.3,1.7,0.3,4.83
Minidoka_Dune,Fair,Moderate,,High,Not Specified,,Low Coverage and/or Density,No Aquatic Pathways,No Vectors or Low Vector Frequency / Duration,Low Anthropogenic Disturbance,Not Specified,,"Past 10 years, but not comprehensive or well documented",Low (1-5%),1 to 5 Species,Not Specified,,1.8,0.4,0.38,0.3,1.5,0.3,3.68
