SITE_ID,EvaluationYear,SALMON_RR,SampleRegionWHM,SizeClass,StrmOrder,AdjustedSpatialWeight,ALIENNTAX,brook_trout SN162003,yellow_perch SN168469,yellow_bullhead SN164041,brown_bullhead SN164043,black_bullhead SN164039,w_mosquitofish SN165878,black_crappie SN168167,carp SN163344,bullfrog SN775084,brook_stickleback SN166399 ,pumpkinseed SN168144,walleye SN650173,smallmouth_bass SN550562,fathead_minnow SN163517,bluegill SN168141 ,brown_trout SN161997,rock_bass SN168097,largemouth_bass SN168160,tench SN163348 ,northern_pike SN162139 ,banded_killifish SN165646,green_sunfish SN168132  ,taxa _ignored
WAM06600-000047,2010,Coastal,Coastal,2-Order,2,123.042991,0,false,false,false,false,false,false,false,false,false,false,false,false,false,false,false,false,false,false,false,false,false,false,
WAM06600-000142,2010,Coastal,Coastal,1-Order,1,223.6375189,0,false,false,false,false,false,false,false,false,false,false,false,false,false,false,false,false,false,false,false,false,false,false,
WAM06600-000174,2010,Coastal,Coastal,0-Order,0,123.0251302,0,false,false,false,false,false,false,false,false,false,false,false,false,false,false,false,false,false,false,false,false,false,false,
WAM06600-000182,2010,Coastal,Coastal,0-Order,0,123.0251302,0,false,false,false,false,false,false,false,false,false,false,false,false,false,false,false,false,false,false,false,false,false,false,
WAM06600-000450,2010,Coastal,Coastal,2-Order,2,123.042991,0,false,false,false,false,false,false,false,false,false,false,false,false,false,false,false,false,false,false,false,false,false,false,
WAM06600-000454,2010,Coastal,Coastal,0-Order,0,123.0251302,0,false,false,false,false,false,false,false,false,false,false,false,false,false,false,false,false,false,false,false,false,false,false,
WAM06600-000461,2010,Coastal,Coastal,1-Order,1,223.6375189,0,false,false,false,false,false,false,false,false,false,false,false,false,false,false,false,false,false,false,false,false,false,false,
WAM06600-000510,2010,Coastal,Coastal,1-Order,1,223.6375189,0,false,false,false,false,false,false,false,false,false,false,false,false,false,false,false,false,false,false,false,false,false,false,
WAM06600-000573,2010,Coastal,Coastal,1-Order,1,223.6375189,0,false,false,false,false,false,false,false,false,false,false,false,false,false,false,false,false,false,false,false,false,false,false,
WAM06600-000787,2010,Coastal,Coastal,2-Order,2,123.042991,0,false,false,false,false,false,false,false,false,false,false,false,false,false,false,false,false,false,false,false,false,false,false,
WAM06600-000826,2010,Coastal,Coastal,0-Order,0,123.0251302,0,false,false,false,false,false,false,false,false,false,false,false,false,false,false,false,false,false,false,false,false,false,false,
WAM06600-001014,2010,Coastal,Coastal,1-Order,1,223.6375189,0,false,false,false,false,false,false,false,false,false,false,false,false,false,false,false,false,false,false,false,false,false,false,
WAM06600-001162,2010,Coastal,Coastal,2-Order,2,123.042991,0,false,false,false,false,false,false,false,false,false,false,false,false,false,false,false,false,false,false,false,false,false,false,
WAM06600-001255,2010,Coastal,Coastal,2-Order,2,123.042991,0,false,false,false,false,false,false,false,false,false,false,false,false,false,false,false,false,false,false,false,false,false,false,
WAM06600-001343,2010,Coastal,Coastal,4-Order+,4,56.06340004,0,false,false,false,false,false,false,false,false,false,false,false,false,false,false,false,false,false,false,false,false,false,false,
WAM06600-001412,2010,Coastal,Coastal,1-Order,1,223.6375189,0,false,false,false,false,false,false,false,false,false,false,false,false,false,false,false,false,false,false,false,false,false,false,
WAM06600-001469,2010,Coastal,Coastal,1-Order,1,223.6375189,0,false,false,false,false,false,false,false,false,false,false,false,false,false,false,false,false,false,false,false,false,false,false,
WAM06600-001478,2010,Coastal,Coastal,1-Order,1,223.6375189,0,false,false,false,false,false,false,false,false,false,false,false,false,false,false,false,false,false,false,false,false,false,false,
WAM06600-001582,2010,Coastal,Coastal,2-Order,2,123.042991,0,false,false,false,false,false,false,false,false,false,false,false,false,false,false,false,false,false,false,false,false,false,false,
WAM06600-001626,2010,Coastal,Coastal,1-Order,1,223.6375189,0,false,false,false,false,false,false,false,false,false,false,false,false,false,false,false,false,false,false,false,false,false,false,
WAM06600-001709,2010,Coastal,Coastal,0-Order,0,123.0251302,0,false,false,false,false,false,false,false,false,false,false,false,false,false,false,false,false,false,false,false,false,false,false,
WAM06600-001898,2010,Coastal,Coastal,0-Order,0,123.0251302,0,false,false,false,false,false,false,false,false,false,false,false,false,false,false,false,false,false,false,false,false,false,false,
WAM06600-002006,2010,Coastal,Coastal,0-Order,0,123.0251302,0,false,false,false,false,false,false,false,false,false,false,false,false,false,false,false,false,false,false,false,false,false,false,
WAM06600-002266,2010,Coastal,Coastal,3-Order,3,72.63983804,0,false,false,false,false,false,false,false,false,false,false,false,false,false,false,false,false,false,false,false,false,false,false,
WAM06600-002308,2010,Coastal,Coastal,3-Order,3,72.63983804,0,false,false,false,false,false,false,false,false,false,false,false,false,false,false,false,false,false,false,false,false,false,false,
WAM06600-002397,2010,Coastal,Coastal,0-Order,0,123.0251302,0,false,false,false,false,false,false,false,false,false,false,false,false,false,false,false,false,false,false,false,false,false,false,
WAM06600-002798,2010,Coastal,Coastal,3-Order,3,72.63983804,0,false,false,false,false,false,false,false,false,false,false,false,false,false,false,false,false,false,false,false,false,false,false,
WAM06600-002918,2010,Coastal,Coastal,2-Order,2,123.042991,0,false,false,false,false,false,false,false,false,false,false,false,false,false,false,false,false,false,false,false,false,false,false,
WAM06600-003005,2010,Coastal,Coastal,2-Order,2,123.042991,0,false,false,false,false,false,false,false,false,false,false,false,false,false,false,false,false,false,false,false,false,false,false,
WAM06600-003122,2010,Coastal,Coastal,2-Order,2,123.042991,0,false,false,false,false,false,false,false,false,false,false,false,false,false,false,false,false,false,false,false,false,false,false,
WAM06600-003179,2010,Coastal,Coastal,0-Order,0,123.0251302,0,false,false,false,false,false,false,false,false,false,false,false,false,false,false,false,false,false,false,false,false,false,false,
WAM06600-003332,2010,Coastal,Coastal,4-Order+,4,56.06340004,0,false,false,false,false,false,false,false,false,false,false,false,false,false,false,false,false,false,false,false,false,false,false,
WAM06600-003460,2010,Coastal,Coastal,4-Order+,4,56.06340004,0,false,false,false,false,false,false,false,false,false,false,false,false,false,false,false,false,false,false,false,false,false,false,
WAM06600-003782,2010,Coastal,Coastal,3-Order,3,72.63983804,0,false,false,false,false,false,false,false,false,false,false,false,false,false,false,false,false,false,false,false,false,false,false,
WAM06600-003918,2010,Coastal,Coastal,4-Order+,4,56.06340004,0,false,false,false,false,false,false,false,false,false,false,false,false,false,false,false,false,false,false,false,false,false,false,
WAM06600-004270,2010,Coastal,Coastal,4-Order+,4,56.06340004,0,false,false,false,false,false,false,false,false,false,false,false,false,false,false,false,false,false,false,false,false,false,false,
WAM06600-005373,2010,Coastal,Coastal,3-Order,3,72.63983804,0,false,false,false,false,false,false,false,false,false,false,false,false,false,false,false,false,false,false,false,false,false,false,
WAM06600-005439,2010,Coastal,Coastal,3-Order,3,72.63983804,0,false,false,false,false,false,false,false,false,false,false,false,false,false,false,false,false,false,false,false,false,false,false,
WAM06600-005838,2010,Coastal,Coastal,3-Order,3,72.63983804,0,false,false,false,false,false,false,false,false,false,false,false,false,false,false,false,false,false,false,false,false,false,false,
WAM06600-000451,2009,Puget Sound,Puget Sound,4-Order+,5,96.00800601,,,,,,,,,,,,,,,,,,,,,,,,
WAM06600-000159,2010,Coastal,Coastal,3-Order,3,72.63983804,0,false,false,false,false,false,false,false,false,false,false,false,false,false,false,false,false,false,false,false,false,false,false,Longnose dace
WAM06600-000194,2010,Coastal,Coastal,4-Order+,4,56.06340004,0,false,false,false,false,false,false,false,false,false,false,false,false,false,false,false,false,false,false,false,false,false,false,Longnose dace
WAM06600-001662,2010,Coastal,Coastal,2-Order,2,123.042991,0,false,false,false,false,false,false,false,false,false,false,false,false,false,false,false,false,false,false,false,false,false,false,Longnose dace
WAM06600-002358,2010,Coastal,Coastal,3-Order,3,72.63983804,0,false,false,false,false,false,false,false,false,false,false,false,false,false,false,false,false,false,false,false,false,false,false,Longnose dace
WAM06600-004546,2010,Coastal,Coastal,4-Order+,4,56.06340004,0,false,false,false,false,false,false,false,false,false,false,false,false,false,false,false,false,false,false,false,false,false,false,Longnose dace
WAM06600-005758,2010,Coastal,Coastal,3-Order,3,72.63983804,0,false,false,false,false,false,false,false,false,false,false,false,false,false,false,false,false,false,false,false,false,false,false,Longnose dace
WAM06600-000041,2010,Lower Columbia,Lower Columbia,4-Order+,5,61.14967642,0,false,false,false,false,false,false,false,false,false,false,false,false,false,false,false,false,false,false,false,false,false,false,
WAM06600-000121,2010,Lower Columbia,Lower Columbia,4-Order+,4,61.14967642,0,false,false,false,false,false,false,false,false,false,false,false,false,false,false,false,false,false,false,false,false,false,false,
WAM06600-000193,2010,Lower Columbia,Lower Columbia,0-Order,0,306.170104,0,false,false,false,false,false,false,false,false,false,false,false,false,false,false,false,false,false,false,false,false,false,false,
WAM06600-000285,2010,Lower Columbia,Lower Columbia,1-Order,1,162.6641639,0,false,false,false,false,false,false,false,false,false,false,false,false,false,false,false,false,false,false,false,false,false,false,
WAM06600-000389,2010,Lower Columbia,Lower Columbia,3-Order,3,49.34146304,0,false,false,false,false,false,false,false,false,false,false,false,false,false,false,false,false,false,false,false,false,false,false,
WAM06600-000413,2010,Lower Columbia,Lower Columbia,1-Order,1,162.6641639,0,false,false,false,false,false,false,false,false,false,false,false,false,false,false,false,false,false,false,false,false,false,false,
WAM06600-000497,2010,Lower Columbia,Lower Columbia,1-Order,1,162.6641639,0,false,false,false,false,false,false,false,false,false,false,false,false,false,false,false,false,false,false,false,false,false,false,
WAM06600-000505,2010,Lower Columbia,Lower Columbia,4-Order+,4,61.14967642,0,false,false,false,false,false,false,false,false,false,false,false,false,false,false,false,false,false,false,false,false,false,false,
WAM06600-000561,2010,Lower Columbia,Lower Columbia,0-Order,0,306.170104,0,false,false,false,false,false,false,false,false,false,false,false,false,false,false,false,false,false,false,false,false,false,false,
WAM06600-000577,2010,Lower Columbia,Lower Columbia,0-Order,0,306.170104,0,false,false,false,false,false,false,false,false,false,false,false,false,false,false,false,false,false,false,false,false,false,false,
WAM06600-000593,2010,Lower Columbia,Lower Columbia,1-Order,1,162.6641639,0,false,false,false,false,false,false,false,false,false,false,false,false,false,false,false,false,false,false,false,false,false,false,
WAM06600-000597,2010,Lower Columbia,Lower Columbia,4-Order+,4,61.14967642,0,false,false,false,false,false,false,false,false,false,false,false,false,false,false,false,false,false,false,false,false,false,false,
WAM06600-000601,2010,Lower Columbia,Lower Columbia,0-Order,0,306.170104,0,false,false,false,false,false,false,false,false,false,false,false,false,false,false,false,false,false,false,false,false,false,false,
WAM06600-000693,2010,Lower Columbia,Lower Columbia,0-Order,0,306.170104,0,false,false,false,false,false,false,false,false,false,false,false,false,false,false,false,false,false,false,false,false,false,false,
WAM06600-000717,2010,Lower Columbia,Lower Columbia,0-Order,0,306.170104,0,false,false,false,false,false,false,false,false,false,false,false,false,false,false,false,false,false,false,false,false,false,false,
WAM06600-000761,2010,Lower Columbia,Lower Columbia,1-Order,1,162.6641639,0,false,false,false,false,false,false,false,false,false,false,false,false,false,false,false,false,false,false,false,false,false,false,
WAM06600-000857,2010,Lower Columbia,Lower Columbia,0-Order,0,306.170104,0,false,false,false,false,false,false,false,false,false,false,false,false,false,false,false,false,false,false,false,false,false,false,
WAM06600-000861,2010,Lower Columbia,Lower Columbia,1-Order,1,162.6641639,0,false,false,false,false,false,false,false,false,false,false,false,false,false,false,false,false,false,false,false,false,false,false,
WAM06600-001097,2010,Lower Columbia,Lower Columbia,1-Order,1,162.6641639,0,false,false,false,false,false,false,false,false,false,false,false,false,false,false,false,false,false,false,false,false,false,false,
WAM06600-001145,2010,Lower Columbia,Lower Columbia,0-Order,0,306.170104,0,false,false,false,false,false,false,false,false,false,false,false,false,false,false,false,false,false,false,false,false,false,false,
WAM06600-001261,2010,Lower Columbia,Lower Columbia,4-Order+,4,61.14967642,0,false,false,false,false,false,false,false,false,false,false,false,false,false,false,false,false,false,false,false,false,false,false,
WAM06600-001265,2010,Lower Columbia,Lower Columbia,0-Order,0,306.170104,0,false,false,false,false,false,false,false,false,false,false,false,false,false,false,false,false,false,false,false,false,false,false,
WAM06600-001405,2010,Lower Columbia,Lower Columbia,2-Order,2,60.44680658,0,false,false,false,false,false,false,false,false,false,false,false,false,false,false,false,false,false,false,false,false,false,false,
WAM06600-001633,2010,Lower Columbia,Lower Columbia,4-Order+,5,61.14967642,0,false,false,false,false,false,false,false,false,false,false,false,false,false,false,false,false,false,false,false,false,false,false,
WAM06600-002077,2010,Lower Columbia,Lower Columbia,2-Order,2,60.44680658,0,false,false,false,false,false,false,false,false,false,false,false,false,false,false,false,false,false,false,false,false,false,false,
WAM06600-002125,2010,Lower Columbia,Lower Columbia,2-Order,2,60.44680658,0,false,false,false,false,false,false,false,false,false,false,false,false,false,false,false,false,false,false,false,false,false,false,
WAM06600-002305,2010,Lower Columbia,Lower Columbia,1-Order,1,162.6641639,0,false,false,false,false,false,false,false,false,false,false,false,false,false,false,false,false,false,false,false,false,false,false,
WAM06600-002517,2010,Lower Columbia,Lower Columbia,1-Order,1,162.6641639,0,false,false,false,false,false,false,false,false,false,false,false,false,false,false,false,false,false,false,false,false,false,false,
WAM06600-002577,2010,Lower Columbia,Lower Columbia,4-Order+,4,61.14967642,0,false,false,false,false,false,false,false,false,false,false,false,false,false,false,false,false,false,false,false,false,false,false,
WAM06600-002645,2010,Lower Columbia,Lower Columbia,1-Order,1,162.6641639,0,false,false,false,false,false,false,false,false,false,false,false,false,false,false,false,false,false,false,false,false,false,false,
WAM06600-002721,2010,Lower Columbia,Lower Columbia,1-Order,1,162.6641639,0,false,false,false,false,false,false,false,false,false,false,false,false,false,false,false,false,false,false,false,false,false,false,
WAM06600-002873,2010,Lower Columbia,Lower Columbia,3-Order,3,49.34146304,0,false,false,false,false,false,false,false,false,false,false,false,false,false,false,false,false,false,false,false,false,false,false,
WAM06600-003721,2010,Lower Columbia,Lower Columbia,2-Order,2,60.44680658,0,false,false,false,false,false,false,false,false,false,false,false,false,false,false,false,false,false,false,false,false,false,false,
WAM06600-004045,2010,Lower Columbia,Lower Columbia,4-Order+,5,61.14967642,0,false,false,false,false,false,false,false,false,false,false,false,false,false,false,false,false,false,false,false,false,false,false,
WAM06600-004353,2010,Lower Columbia,Lower Columbia,4-Order+,4,61.14967642,0,false,false,false,false,false,false,false,false,false,false,false,false,false,false,false,false,false,false,false,false,false,false,
WAM06600-004897,2010,Lower Columbia,Lower Columbia,3-Order,3,49.34146304,0,false,false,false,false,false,false,false,false,false,false,false,false,false,false,false,false,false,false,false,false,false,false,
WAM06600-004961,2010,Lower Columbia,Lower Columbia,2-Order,2,60.44680658,0,false,false,false,false,false,false,false,false,false,false,false,false,false,false,false,false,false,false,false,false,false,false,
WAM06600-005081,2010,Lower Columbia,Lower Columbia,3-Order,3,49.34146304,0,false,false,false,false,false,false,false,false,false,false,false,false,false,false,false,false,false,false,false,false,false,false,
WAM06600-005141,2010,Lower Columbia,Lower Columbia,3-Order,3,49.34146304,0,false,false,false,false,false,false,false,false,false,false,false,false,false,false,false,false,false,false,false,false,false,false,
WAM06600-005637,2010,Lower Columbia,Lower Columbia,3-Order,3,49.34146304,0,false,false,false,false,false,false,false,false,false,false,false,false,false,false,false,false,false,false,false,false,false,false,
WAM06600-005973,2010,Lower Columbia,Lower Columbia,2-Order,2,60.44680658,0,false,false,false,false,false,false,false,false,false,false,false,false,false,false,false,false,false,false,false,false,false,false,
WAM06600-006625,2010,Lower Columbia,Lower Columbia,2-Order,2,60.44680658,0,false,false,false,false,false,false,false,false,false,false,false,false,false,false,false,false,false,false,false,false,false,false,
WAM06600-006657,2010,Lower Columbia,Lower Columbia,2-Order,2,60.44680658,0,false,false,false,false,false,false,false,false,false,false,false,false,false,false,false,false,false,false,false,false,false,false,
WAM06600-006673,2010,Lower Columbia,Lower Columbia,2-Order,2,60.44680658,0,false,false,false,false,false,false,false,false,false,false,false,false,false,false,false,false,false,false,false,false,false,false,
WAM06600-006733,2010,Lower Columbia,Lower Columbia,3-Order,3,49.34146304,0,false,false,false,false,false,false,false,false,false,false,false,false,false,false,false,false,false,false,false,false,false,false,
WAM06600-007369,2010,Lower Columbia,Lower Columbia,3-Order,3,49.34146304,0,false,false,false,false,false,false,false,false,false,false,false,false,false,false,false,false,false,false,false,false,false,false,
WAM06600-000942,2011,Mid Columbia,Mid Columbia,2-Order,2,36.75045295,0,false,false,false,false,false,false,false,false,false,false,false,false,false,false,false,false,false,false,false,false,false,false,
WAM06600-001021,2011,Mid Columbia,Mid Columbia,1-Order,1,33.12378049,0,false,false,false,false,false,false,false,false,false,false,false,false,false,false,false,false,false,false,false,false,false,false,
WAM06600-001434,2011,Mid Columbia,Mid Columbia,3-Order,3,30.82159974,0,false,false,false,false,false,false,false,false,false,false,false,false,false,false,false,false,false,false,false,false,false,false,
WAM06600-001598,2011,Mid Columbia,Mid Columbia,4-Order+,6,52.84119181,0,false,false,false,false,false,false,false,false,false,false,false,false,false,false,false,false,false,false,false,false,false,false,
WAM06600-001758,2011,Mid Columbia,Mid Columbia,2-Order,2,36.75045295,0,false,false,false,false,false,false,false,false,false,false,false,false,false,false,false,false,false,false,false,false,false,false,
WAM06600-001966,2011,Mid Columbia,Mid Columbia,4-Order+,5,52.84119181,0,false,false,false,false,false,false,false,false,false,false,false,false,false,false,false,false,false,false,false,false,false,false,
WAM06600-002337,2011,Mid Columbia,Mid Columbia,2-Order,2,36.75045295,0,false,false,false,false,false,false,false,false,false,false,false,false,false,false,false,false,false,false,false,false,false,false,
WAM06600-003182,2011,Mid Columbia,Mid Columbia,3-Order,3,30.82159974,0,false,false,false,false,false,false,false,false,false,false,false,false,false,false,false,false,false,false,false,false,false,false,
WAM06600-003698,2011,Mid Columbia,Mid Columbia,3-Order,3,30.82159974,0,false,false,false,false,false,false,false,false,false,false,false,false,false,false,false,false,false,false,false,false,false,false,
WAM06600-003730,2011,Mid Columbia,Mid Columbia,4-Order+,5,52.84119181,0,false,false,false,false,false,false,false,false,false,false,false,false,false,false,false,false,false,false,false,false,false,false,
WAM06600-003734,2011,Mid Columbia,Mid Columbia,4-Order+,4,52.84119181,0,false,false,false,false,false,false,false,false,false,false,false,false,false,false,false,false,false,false,false,false,false,false,
WAM06600-004082,2011,Mid Columbia,Mid Columbia,1-Order,1,33.12378049,0,false,false,false,false,false,false,false,false,false,false,false,false,false,false,false,false,false,false,false,false,false,false,
WAM06600-004334,2011,Mid Columbia,Mid Columbia,4-Order+,6,52.84119181,0,false,false,false,false,false,false,false,false,false,false,false,false,false,false,false,false,false,false,false,false,false,false,
WAM06600-004382,2011,Mid Columbia,Mid Columbia,1-Order,1,33.12378049,0,false,false,false,false,false,false,false,false,false,false,false,false,false,false,false,false,false,false,false,false,false,false,
WAM06600-004589,2011,Mid Columbia,Mid Columbia,4-Order+,6,52.84119181,0,false,false,false,false,false,false,false,false,false,false,false,false,false,false,false,false,false,false,false,false,false,false,
WAM06600-004981,2011,Mid Columbia,Mid Columbia,3-Order,3,30.82159974,0,false,false,false,false,false,false,false,false,false,false,false,false,false,false,false,false,false,false,false,false,false,false,
WAM06600-005473,2011,Mid Columbia,Mid Columbia,1-Order,1,33.12378049,0,false,false,false,false,false,false,false,false,false,false,false,false,false,false,false,false,false,false,false,false,false,false,
WAM06600-005854,2011,Mid Columbia,Mid Columbia,2-Order,2,36.75045295,0,false,false,false,false,false,false,false,false,false,false,false,false,false,false,false,false,false,false,false,false,false,false,
WAM06600-006062,2011,Mid Columbia,Mid Columbia,4-Order+,5,52.84119181,0,false,false,false,false,false,false,false,false,false,false,false,false,false,false,false,false,false,false,false,false,false,false,
WAM06600-006510,2011,Mid Columbia,Mid Columbia,4-Order+,4,52.84119181,0,false,false,false,false,false,false,false,false,false,false,false,false,false,false,false,false,false,false,false,false,false,false,
WAM06600-006865,2011,Mid Columbia,Mid Columbia,1-Order,1,33.12378049,0,false,false,false,false,false,false,false,false,false,false,false,false,false,false,false,false,false,false,false,false,false,false,
WAM06600-007154,2011,Mid Columbia,Mid Columbia,3-Order,3,30.82159974,0,false,false,false,false,false,false,false,false,false,false,false,false,false,false,false,false,false,false,false,false,false,false,
WAM06600-001205,2011,Snake River,Snake River,0-Order,0,4.442508026,,,,,,,,,,,,,,,,,,,,,,,,
WAM06600-007302,2011,Mid Columbia,Mid Columbia,2-Order,2,36.75045295,0,false,false,false,false,false,false,false,false,false,false,false,false,false,false,false,false,false,false,false,false,false,false,
WAM06600-007442,2011,Mid Columbia,Mid Columbia,2-Order,2,36.75045295,0,false,false,false,false,false,false,false,false,false,false,false,false,false,false,false,false,false,false,false,false,false,false,
WAM06600-007802,2011,Mid Columbia,Mid Columbia,4-Order+,7,52.84119181,0,false,false,false,false,false,false,false,false,false,false,false,false,false,false,false,false,false,false,false,false,false,false,
WAM06600-007902,2011,Mid Columbia,Mid Columbia,4-Order+,4,52.84119181,0,false,false,false,false,false,false,false,false,false,false,false,false,false,false,false,false,false,false,false,false,false,false,
WAM06600-008250,2011,Mid Columbia,Mid Columbia,1-Order,1,33.12378049,0,false,false,false,false,false,false,false,false,false,false,false,false,false,false,false,false,false,false,false,false,false,false,
WAM06600-009134,2011,Mid Columbia,Mid Columbia,1-Order,1,33.12378049,0,false,false,false,false,false,false,false,false,false,false,false,false,false,false,false,false,false,false,false,false,false,false,
WAM06600-009490,2011,Mid Columbia,Mid Columbia,3-Order,3,30.82159974,0,false,false,false,false,false,false,false,false,false,false,false,false,false,false,false,false,false,false,false,false,false,false,
WAM06600-009790,2011,Mid Columbia,Mid Columbia,1-Order,1,33.12378049,0,false,false,false,false,false,false,false,false,false,false,false,false,false,false,false,false,false,false,false,false,false,false,
WAM06600-009853,2011,Mid Columbia,Mid Columbia,1-Order,1,33.12378049,0,false,false,false,false,false,false,false,false,false,false,false,false,false,false,false,false,false,false,false,false,false,false,
WAM06600-010141,2011,Mid Columbia,Mid Columbia,3-Order,3,30.82159974,0,false,false,false,false,false,false,false,false,false,false,false,false,false,false,false,false,false,false,false,false,false,false,
WAM06600-012781,2011,Mid Columbia,Mid Columbia,1-Order,1,33.12378049,0,false,false,false,false,false,false,false,false,false,false,false,false,false,false,false,false,false,false,false,false,false,false,
WAM06600-034366,2011,Mid Columbia,Mid Columbia,1-Order,1,33.12378049,0,false,false,false,false,false,false,false,false,false,false,false,false,false,false,false,false,false,false,false,false,false,false,
WAM06600-037710,2011,Mid Columbia,Mid Columbia,0-Order,0,9.375681764,0,false,false,false,false,false,false,false,false,false,false,false,false,false,false,false,false,false,false,false,false,false,false,
WAM06600-038094,2011,Mid Columbia,Mid Columbia,0-Order,0,9.375681764,0,false,false,false,false,false,false,false,false,false,false,false,false,false,false,false,false,false,false,false,false,false,false,
WAM06600-040922,2011,Mid Columbia,Mid Columbia,0-Order,0,9.375681764,0,false,false,false,false,false,false,false,false,false,false,false,false,false,false,false,false,false,false,false,false,false,false,
WAM06600-001949,2011,Mid Columbia,Mid Columbia,0-Order,0,9.375681764,0,false,false,false,false,false,false,false,false,false,false,false,false,false,false,false,false,false,false,false,false,false,false,
WAM06600-001131,2010,No Region,No Region,4-Order+,5,195.3099345,0,false,false,false,false,false,false,false,false,false,false,false,false,false,false,false,false,false,false,false,false,false,false,
WAM06600-001331,2010,No Region,No Region,4-Order+,4,195.3099345,0,false,false,false,false,false,false,false,false,false,false,false,false,false,false,false,false,false,false,false,false,false,false,
WAM06600-002843,2010,No Region,No Region,4-Order+,4,195.3099345,0,false,false,false,false,false,false,false,false,false,false,false,false,false,false,false,false,false,false,false,false,false,false,
WAM06600-002878,2010,No Region,No Region,3-Order,3,112.251815,0,false,false,false,false,false,false,false,false,false,false,false,false,false,false,false,false,false,false,false,false,false,false,
WAM06600-003068,2010,No Region,No Region,3-Order,3,112.251815,0,false,false,false,false,false,false,false,false,false,false,false,false,false,false,false,false,false,false,false,false,false,false,
WAM06600-003287,2010,No Region,No Region,2-Order,2,101.5611659,0,false,false,false,false,false,false,false,false,false,false,false,false,false,false,false,false,false,false,false,false,false,false,
WAM06600-003688,2010,No Region,No Region,3-Order,3,112.251815,0,false,false,false,false,false,false,false,false,false,false,false,false,false,false,false,false,false,false,false,false,false,false,
WAM06600-000302,2010,No Region,No Region,2-Order,2,101.5611659,0,false,false,false,false,false,false,false,false,false,false,false,false,false,false,false,false,false,false,false,false,false,false,
WAM06600-001744,2012,Northeast Washington,Northeast Washington,3-Order,3,19.79437084,0,false,false,false,false,false,false,false,false,false,false,false,false,false,false,false,false,false,false,false,false,false,false,
WAM06600-001835,2012,Northeast Washington,Northeast Washington,1-Order,1,26.39249446,0,false,false,false,false,false,false,false,false,false,false,false,false,false,false,false,false,false,false,false,false,false,false,
WAM06600-003112,2012,Northeast Washington,Northeast Washington,3-Order,3,19.79437084,0,false,false,false,false,false,false,false,false,false,false,false,false,false,false,false,false,false,false,false,false,false,false,
WAM06600-003932,2012,Northeast Washington,Northeast Washington,1-Order,1,26.39249446,0,false,false,false,false,false,false,false,false,false,false,false,false,false,false,false,false,false,false,false,false,false,false,
WAM06600-003936,2012,Northeast Washington,Northeast Washington,1-Order,1,26.39249446,0,false,false,false,false,false,false,false,false,false,false,false,false,false,false,false,false,false,false,false,false,false,false,
WAM06600-005560,2012,Northeast Washington,Northeast Washington,1-Order,1,26.39249446,0,false,false,false,false,false,false,false,false,false,false,false,false,false,false,false,false,false,false,false,false,false,false,
WAM06600-005840,2012,Northeast Washington,Northeast Washington,1-Order,1,26.39249446,0,false,false,false,false,false,false,false,false,false,false,false,false,false,false,false,false,false,false,false,false,false,false,
WAM06600-006704,2012,Northeast Washington,Northeast Washington,1-Order,1,26.39249446,0,false,false,false,false,false,false,false,false,false,false,false,false,false,false,false,false,false,false,false,false,false,false,
WAM06600-007947,2012,Northeast Washington,Northeast Washington,3-Order,3,19.79437084,0,false,false,false,false,false,false,false,false,false,false,false,false,false,false,false,false,false,false,false,false,false,false,
WAM06600-009440,2012,Northeast Washington,Northeast Washington,4-Order+,7,17.01621353,0,false,false,false,false,false,false,false,false,false,false,false,false,false,false,false,false,false,false,false,false,false,false,
WAM06600-010016,2012,Northeast Washington,Northeast Washington,1-Order,1,26.39249446,0,false,false,false,false,false,false,false,false,false,false,false,false,false,false,false,false,false,false,false,false,false,false,
WAM06600-011328,2012,Northeast Washington,Northeast Washington,2-Order,2,14.06769752,0,false,false,false,false,false,false,false,false,false,false,false,false,false,false,false,false,false,false,false,false,false,false,
WAM06600-011728,2012,Northeast Washington,Northeast Washington,1-Order,1,26.39249446,0,false,false,false,false,false,false,false,false,false,false,false,false,false,false,false,false,false,false,false,false,false,false,
WAM06600-015836,2012,Northeast Washington,Northeast Washington,1-Order,1,26.39249446,0,false,false,false,false,false,false,false,false,false,false,false,false,false,false,false,false,false,false,false,false,false,false,
WAM06600-016960,2012,Northeast Washington,Northeast Washington,2-Order,2,14.06769752,0,false,false,false,false,false,false,false,false,false,false,false,false,false,false,false,false,false,false,false,false,false,false,
WAM06600-018592,2012,Northeast Washington,Northeast Washington,4-Order+,5,17.01621353,0,false,false,false,false,false,false,false,false,false,false,false,false,false,false,false,false,false,false,false,false,false,false,
WAM06600-023632,2012,Northeast Washington,Northeast Washington,2-Order,2,14.06769752,0,false,false,false,false,false,false,false,false,false,false,false,false,false,false,false,false,false,false,false,false,false,false,
WAM06600-003560,2012,Northeast Washington,Northeast Washington,0-Order,0,18.05533051,0,false,false,false,false,false,false,false,false,false,false,false,false,false,false,false,false,false,false,false,false,false,false,
WAM06600-000456,2009,Puget Sound,Puget Sound,1-Order,1,115.4750671,0,false,false,false,false,false,false,false,false,false,false,false,false,false,false,false,false,false,false,false,false,false,false,
WAM06600-000566,2009,Puget Sound,Puget Sound,3-Order,3,119.6982932,0,false,false,false,false,false,false,false,false,false,false,false,false,false,false,false,false,false,false,false,false,false,false,
WAM06600-000672,2009,Puget Sound,Puget Sound,4-Order+,4,96.00800601,0,false,false,false,false,false,false,false,false,false,false,false,false,false,false,false,false,false,false,false,false,false,false,
WAM06600-000815,2009,Puget Sound,Puget Sound,1-Order,1,115.4750671,0,false,false,false,false,false,false,false,false,false,false,false,false,false,false,false,false,false,false,false,false,false,false,
WAM06600-000831,2009,Puget Sound,Puget Sound,2-Order,2,205.7314414,0,false,false,false,false,false,false,false,false,false,false,false,false,false,false,false,false,false,false,false,false,false,false,
WAM06600-000988,2009,Puget Sound,Puget Sound,0-Order,0,283.0149047,0,false,false,false,false,false,false,false,false,false,false,false,false,false,false,false,false,false,false,false,false,false,false,
WAM06600-001002,2009,Puget Sound,Puget Sound,3-Order,3,119.6982932,0,false,false,false,false,false,false,false,false,false,false,false,false,false,false,false,false,false,false,false,false,false,false,
WAM06600-001047,2009,Puget Sound,Puget Sound,3-Order,3,119.6982932,0,false,false,false,false,false,false,false,false,false,false,false,false,false,false,false,false,false,false,false,false,false,false,
WAM06600-001192,2009,Puget Sound,Puget Sound,2-Order,2,205.7314414,0,false,false,false,false,false,false,false,false,false,false,false,false,false,false,false,false,false,false,false,false,false,false,
WAM06600-001228,2009,Puget Sound,Puget Sound,0-Order,0,283.0149047,0,false,false,false,false,false,false,false,false,false,false,false,false,false,false,false,false,false,false,false,false,false,false,
WAM06600-001251,2009,Hood Canal/Puget Sound,Puget Sound,2-Order,2,205.7314414,0,false,false,false,false,false,false,false,false,false,false,false,false,false,false,false,false,false,false,false,false,false,false,
WAM06600-001402,2009,Puget Sound,Puget Sound,0-Order,0,283.0149047,0,false,false,false,false,false,false,false,false,false,false,false,false,false,false,false,false,false,false,false,false,false,false,
WAM06600-001415,2009,Puget Sound,Puget Sound,3-Order,3,119.6982932,0,false,false,false,false,false,false,false,false,false,false,false,false,false,false,false,false,false,false,false,false,false,false,
WAM06600-001418,2009,Puget Sound,Puget Sound,4-Order+,5,96.00800601,0,false,false,false,false,false,false,false,false,false,false,false,false,false,false,false,false,false,false,false,false,false,false,
WAM06600-001422,2009,Puget Sound,Puget Sound,2-Order,2,205.7314414,0,false,false,false,false,false,false,false,false,false,false,false,false,false,false,false,false,false,false,false,false,false,false,
WAM06600-001480,2009,Puget Sound,Puget Sound,1-Order,1,115.4750671,0,false,false,false,false,false,false,false,false,false,false,false,false,false,false,false,false,false,false,false,false,false,false,
WAM06600-001556,2009,Puget Sound,Puget Sound,0-Order,0,283.0149047,0,false,false,false,false,false,false,false,false,false,false,false,false,false,false,false,false,false,false,false,false,false,false,
WAM06600-001639,2009,Puget Sound,Puget Sound,2-Order,2,205.7314414,0,false,false,false,false,false,false,false,false,false,false,false,false,false,false,false,false,false,false,false,false,false,false,
WAM06600-001702,2009,Puget Sound,Puget Sound,1-Order,1,115.4750671,0,false,false,false,false,false,false,false,false,false,false,false,false,false,false,false,false,false,false,false,false,false,false,
WAM06600-001715,2009,Puget Sound,Puget Sound,1-Order,1,115.4750671,0,false,false,false,false,false,false,false,false,false,false,false,false,false,false,false,false,false,false,false,false,false,false,
WAM06600-001768,2009,Puget Sound,Puget Sound,0-Order,0,283.0149047,0,false,false,false,false,false,false,false,false,false,false,false,false,false,false,false,false,false,false,false,false,false,false,
WAM06600-001899,2009,Puget Sound,Puget Sound,0-Order,0,283.0149047,0,false,false,false,false,false,false,false,false,false,false,false,false,false,false,false,false,false,false,false,false,false,false,
WAM06600-001983,2009,Puget Sound,Puget Sound,1-Order,1,115.4750671,0,false,false,false,false,false,false,false,false,false,false,false,false,false,false,false,false,false,false,false,false,false,false,
WAM06600-002007,2009,Hood Canal/Puget Sound,Puget Sound,2-Order,2,205.7314414,0,false,false,false,false,false,false,false,false,false,false,false,false,false,false,false,false,false,false,false,false,false,false,
WAM06600-003124,2009,Puget Sound,Puget Sound,3-Order,3,119.6982932,0,false,false,false,false,false,false,false,false,false,false,false,false,false,false,false,false,false,false,false,false,false,false,
WAM06600-003366,2009,Puget Sound,Puget Sound,2-Order,2,205.7314414,0,false,false,false,false,false,false,false,false,false,false,false,false,false,false,false,false,false,false,false,false,false,false,
WAM06600-003492,2009,Puget Sound,Puget Sound,1-Order,1,115.4750671,0,false,false,false,false,false,false,false,false,false,false,false,false,false,false,false,false,false,false,false,false,false,false,
WAM06600-006123,2009,Puget Sound,Puget Sound,4-Order+,5,96.00800601,0,false,false,false,false,false,false,false,false,false,false,false,false,false,false,false,false,false,false,false,false,false,false,
WAM06600-001590,2009,Puget Sound,Puget Sound,1-Order,1,115.4750671,0,false,false,false,false,false,false,false,false,false,false,false,false,false,false,false,false,false,false,false,false,false,false,
WAM06600-001660,2009,Puget Sound,Puget Sound,4-Order+,4,96.00800601,0,false,false,false,false,false,false,false,false,false,false,false,false,false,false,false,false,false,false,false,false,false,false,
WAM06600-002596,2009,Puget Sound,Puget Sound,3-Order,3,119.6982932,0,false,false,false,false,false,false,false,false,false,false,false,false,false,false,false,false,false,false,false,false,false,false,
WAM06600-000398,2009,Puget Sound,Puget Sound,3-Order,3,119.6982932,0,false,false,false,false,false,false,false,false,false,false,false,false,false,false,false,false,false,false,false,false,false,false,
WAM06600-000987,2009,Puget Sound,Puget Sound,3-Order,3,119.6982932,0,false,false,false,false,false,false,false,false,false,false,false,false,false,false,false,false,false,false,false,false,false,false,
WAM06600-001995,2009,Puget Sound,Puget Sound,1-Order,1,115.4750671,0,false,false,false,false,false,false,false,false,false,false,false,false,false,false,false,false,false,false,false,false,false,false,
WAM06600-000550,2009,Puget Sound,Puget Sound,2-Order,2,205.7314414,0,false,false,false,false,false,false,false,false,false,false,false,false,false,false,false,false,false,false,false,false,false,false,Longnose dace
WAM06600-000676,2009,Puget Sound,Puget Sound,3-Order,3,119.6982932,0,false,false,false,false,false,false,false,false,false,false,false,false,false,false,false,false,false,false,false,false,false,false,Longnose dace
WAM06600-001003,2009,Puget Sound,Puget Sound,3-Order,3,119.6982932,0,false,false,false,false,false,false,false,false,false,false,false,false,false,false,false,false,false,false,false,false,false,false,Longnose dace
WAM06600-001713,2011,Snake River,Snake River,2-Order,2,22.47135258,0,false,false,false,false,false,false,false,false,false,false,false,false,false,false,false,false,false,false,false,false,false,false,
WAM06600-002101,2011,Snake River,Snake River,2-Order,2,22.47135258,0,false,false,false,false,false,false,false,false,false,false,false,false,false,false,false,false,false,false,false,false,false,false,
WAM06600-002185,2011,Snake River,Snake River,4-Order+,4,33.0455331,0,false,false,false,false,false,false,false,false,false,false,false,false,false,false,false,false,false,false,false,false,false,false,
WAM06600-002306,2011,Snake River,Snake River,3-Order,3,18.61009081,0,false,false,false,false,false,false,false,false,false,false,false,false,false,false,false,false,false,false,false,false,false,false,
WAM06600-002485,2011,Snake River,Snake River,4-Order+,4,33.0455331,0,false,false,false,false,false,false,false,false,false,false,false,false,false,false,false,false,false,false,false,false,false,false,
WAM06600-002793,2011,Snake River,Snake River,4-Order+,4,33.0455331,0,false,false,false,false,false,false,false,false,false,false,false,false,false,false,false,false,false,false,false,false,false,false,
WAM06600-003165,2011,Snake River,Snake River,3-Order,3,18.61009081,0,false,false,false,false,false,false,false,false,false,false,false,false,false,false,false,false,false,false,false,false,false,false,
WAM06600-003981,2011,Snake River,Snake River,2-Order,2,22.47135258,0,false,false,false,false,false,false,false,false,false,false,false,false,false,false,false,false,false,false,false,false,false,false,
WAM06600-004101,2011,Snake River,Snake River,4-Order+,4,33.0455331,0,false,false,false,false,false,false,false,false,false,false,false,false,false,false,false,false,false,false,false,false,false,false,
WAM06600-004181,2011,Snake River,Snake River,2-Order,2,22.47135258,0,false,false,false,false,false,false,false,false,false,false,false,false,false,false,false,false,false,false,false,false,false,false,
WAM06600-004677,2011,Snake River,Snake River,1-Order,1,15.6593484,0,false,false,false,false,false,false,false,false,false,false,false,false,false,false,false,false,false,false,false,false,false,false,
WAM06600-004706,2011,Snake River,Snake River,2-Order,2,22.47135258,0,false,false,false,false,false,false,false,false,false,false,false,false,false,false,false,false,false,false,false,false,false,false,
WAM06600-005097,2011,Snake River,Snake River,4-Order+,5,33.0455331,0,false,false,false,false,false,false,false,false,false,false,false,false,false,false,false,false,false,false,false,false,false,false,
WAM06600-005701,2011,Snake River,Snake River,1-Order,1,15.6593484,0,false,false,false,false,false,false,false,false,false,false,false,false,false,false,false,false,false,false,false,false,false,false,
WAM06600-006889,2011,Snake River,Snake River,4-Order+,4,33.0455331,0,false,false,false,false,false,false,false,false,false,false,false,false,false,false,false,false,false,false,false,false,false,false,
WAM06600-007561,2011,Snake River,Snake River,2-Order,2,22.47135258,0,false,false,false,false,false,false,false,false,false,false,false,false,false,false,false,false,false,false,false,false,false,false,
WAM06600-008197,2011,Snake River,Snake River,2-Order,2,22.47135258,0,false,false,false,false,false,false,false,false,false,false,false,false,false,false,false,false,false,false,false,false,false,false,
WAM06600-008710,2011,Snake River,Snake River,4-Order+,4,33.0455331,0,false,false,false,false,false,false,false,false,false,false,false,false,false,false,false,false,false,false,false,false,false,false,
WAM06600-008729,2011,Snake River,Snake River,3-Order,3,18.61009081,0,false,false,false,false,false,false,false,false,false,false,false,false,false,false,false,false,false,false,false,false,false,false,
WAM06600-008773,2011,Snake River,Snake River,3-Order,3,18.61009081,0,false,false,false,false,false,false,false,false,false,false,false,false,false,false,false,false,false,false,false,false,false,false,
WAM06600-009186,2011,Snake River,Snake River,4-Order+,4,33.0455331,0,false,false,false,false,false,false,false,false,false,false,false,false,false,false,false,false,false,false,false,false,false,false,
WAM06600-010377,2011,Snake River,Snake River,4-Order+,5,33.0455331,0,false,false,false,false,false,false,false,false,false,false,false,false,false,false,false,false,false,false,false,false,false,false,
WAM06600-011161,2011,Snake River,Snake River,4-Order+,4,33.0455331,0,false,false,false,false,false,false,false,false,false,false,false,false,false,false,false,false,false,false,false,false,false,false,
WAM06600-013989,2011,Snake River,Snake River,1-Order,1,15.6593484,0,false,false,false,false,false,false,false,false,false,false,false,false,false,false,false,false,false,false,false,false,false,false,
WAM06600-014697,2011,Snake River,Snake River,1-Order,1,15.6593484,0,false,false,false,false,false,false,false,false,false,false,false,false,false,false,false,false,false,false,false,false,false,false,
WAM06600-015081,2011,Snake River,Snake River,1-Order,1,15.6593484,0,false,false,false,false,false,false,false,false,false,false,false,false,false,false,false,false,false,false,false,false,false,false,
WAM06600-015618,2011,Snake River,Snake River,2-Order,2,22.47135258,0,false,false,false,false,false,false,false,false,false,false,false,false,false,false,false,false,false,false,false,false,false,false,
WAM06600-016601,2011,Snake River,Snake River,2-Order,2,22.47135258,0,false,false,false,false,false,false,false,false,false,false,false,false,false,false,false,false,false,false,false,false,false,false,
WAM06600-017186,2011,Snake River,Snake River,1-Order,1,15.6593484,0,false,false,false,false,false,false,false,false,false,false,false,false,false,false,false,false,false,false,false,false,false,false,
WAM06600-018197,2011,Snake River,Snake River,1-Order,1,15.6593484,0,false,false,false,false,false,false,false,false,false,false,false,false,false,false,false,false,false,false,false,false,false,false,
WAM06600-018341,2011,Snake River,Snake River,3-Order,3,18.61009081,0,false,false,false,false,false,false,false,false,false,false,false,false,false,false,false,false,false,false,false,false,false,false,
WAM06600-018637,2011,Snake River,Snake River,3-Order,3,18.61009081,0,false,false,false,false,false,false,false,false,false,false,false,false,false,false,false,false,false,false,false,false,false,false,
WAM06600-018729,2011,Snake River,Snake River,1-Order,1,15.6593484,0,false,false,false,false,false,false,false,false,false,false,false,false,false,false,false,false,false,false,false,false,false,false,
WAM06600-018873,2011,Snake River,Snake River,3-Order,3,18.61009081,0,false,false,false,false,false,false,false,false,false,false,false,false,false,false,false,false,false,false,false,false,false,false,
WAM06600-020009,2011,Snake River,Snake River,2-Order,2,22.47135258,0,false,false,false,false,false,false,false,false,false,false,false,false,false,false,false,false,false,false,false,false,false,false,
WAM06600-024101,2011,Snake River,Snake River,1-Order,1,15.6593484,0,false,false,false,false,false,false,false,false,false,false,false,false,false,false,false,false,false,false,false,false,false,false,
WAM06600-068809,2011,Snake River,Snake River,1-Order,1,15.6593484,0,false,false,false,false,false,false,false,false,false,false,false,false,false,false,false,false,false,false,false,false,false,false,
WAM06600-007461,2011,Snake River,Snake River,1-Order,1,15.6593484,0,false,false,false,false,false,false,false,false,false,false,false,false,false,false,false,false,false,false,false,false,false,false,
WAM06600-003285,2011,Snake River,Snake River,0-Order,0,4.442508026,0,false,false,false,false,false,false,false,false,false,false,false,false,false,false,false,false,false,false,false,false,false,false,
WAM06600-003704,2012,Upper Columbia,Upper Columbia,1-Order,1,18.90973901,0,false,false,false,false,false,false,false,false,false,false,false,false,false,false,false,false,false,false,false,false,false,false,
WAM06600-003752,2012,Upper Columbia,Upper Columbia,1-Order,1,18.90973901,0,false,false,false,false,false,false,false,false,false,false,false,false,false,false,false,false,false,false,false,false,false,false,
WAM06600-005091,2012,Upper Columbia,Upper Columbia,1-Order,1,18.90973901,0,false,false,false,false,false,false,false,false,false,false,false,false,false,false,false,false,false,false,false,false,false,false,
WAM06600-005260,2012,Upper Columbia,Upper Columbia,1-Order,1,18.90973901,0,false,false,false,false,false,false,false,false,false,false,false,false,false,false,false,false,false,false,false,false,false,false,
WAM06600-005747,2012,Upper Columbia,Upper Columbia,4-Order+,5,43.70753406,0,false,false,false,false,false,false,false,false,false,false,false,false,false,false,false,false,false,false,false,false,false,false,
WAM06600-006311,2012,Upper Columbia,Upper Columbia,4-Order+,6,43.70753406,0,false,false,false,false,false,false,false,false,false,false,false,false,false,false,false,false,false,false,false,false,false,false,
WAM06600-007047,2012,Upper Columbia,Upper Columbia,4-Order+,6,43.70753406,0,false,false,false,false,false,false,false,false,false,false,false,false,false,false,false,false,false,false,false,false,false,false,
WAM06600-007076,2012,Upper Columbia,Upper Columbia,1-Order,1,18.90973901,0,false,false,false,false,false,false,false,false,false,false,false,false,false,false,false,false,false,false,false,false,false,false,
WAM06600-008016,2012,Upper Columbia,Upper Columbia,4-Order+,5,43.70753406,0,false,false,false,false,false,false,false,false,false,false,false,false,false,false,false,false,false,false,false,false,false,false,
WAM06600-008504,2012,Upper Columbia,Upper Columbia,4-Order+,5,43.70753406,0,false,false,false,false,false,false,false,false,false,false,false,false,false,false,false,false,false,false,false,false,false,false,
WAM06600-008727,2012,Upper Columbia,Upper Columbia,2-Order,2,12.47712462,0,false,false,false,false,false,false,false,false,false,false,false,false,false,false,false,false,false,false,false,false,false,false,
WAM06600-009724,2012,Upper Columbia,Upper Columbia,1-Order,1,18.90973901,0,false,false,false,false,false,false,false,false,false,false,false,false,false,false,false,false,false,false,false,false,false,false,
WAM06600-010528,2012,Upper Columbia,Upper Columbia,4-Order+,5,43.70753406,0,false,false,false,false,false,false,false,false,false,false,false,false,false,false,false,false,false,false,false,false,false,false,
WAM06600-010636,2012,Upper Columbia,Upper Columbia,4-Order+,6,43.70753406,0,false,false,false,false,false,false,false,false,false,false,false,false,false,false,false,false,false,false,false,false,false,false,
WAM06600-011896,2012,Upper Columbia,Upper Columbia,3-Order,3,11.74994747,0,false,false,false,false,false,false,false,false,false,false,false,false,false,false,false,false,false,false,false,false,false,false,
WAM06600-012352,2012,Upper Columbia,Upper Columbia,1-Order,1,18.90973901,0,false,false,false,false,false,false,false,false,false,false,false,false,false,false,false,false,false,false,false,false,false,false,
WAM06600-016164,2012,Upper Columbia,Upper Columbia,4-Order+,5,43.70753406,0,false,false,false,false,false,false,false,false,false,false,false,false,false,false,false,false,false,false,false,false,false,false,
WAM06600-018208,2012,Upper Columbia,Upper Columbia,3-Order,3,11.74994747,0,false,false,false,false,false,false,false,false,false,false,false,false,false,false,false,false,false,false,false,false,false,false,
WAM06600-022188,2012,Upper Columbia,Upper Columbia,2-Order,2,12.47712462,0,false,false,false,false,false,false,false,false,false,false,false,false,false,false,false,false,false,false,false,false,false,false,
WAM06600-024284,2012,Upper Columbia,Upper Columbia,2-Order,2,12.47712462,0,false,false,false,false,false,false,false,false,false,false,false,false,false,false,false,false,false,false,false,false,false,false,
WAM06600-029136,2012,Upper Columbia,Upper Columbia,1-Order,1,18.90973901,0,false,false,false,false,false,false,false,false,false,false,false,false,false,false,false,false,false,false,false,false,false,false,
WAM06600-029287,2012,Upper Columbia,Upper Columbia,1-Order,1,18.90973901,0,false,false,false,false,false,false,false,false,false,false,false,false,false,false,false,false,false,false,false,false,false,false,
WAM06600-034707,2012,Upper Columbia,Upper Columbia,3-Order,3,11.74994747,0,false,false,false,false,false,false,false,false,false,false,false,false,false,false,false,false,false,false,false,false,false,false,
WAM06600-035408,2012,Upper Columbia,Upper Columbia,2-Order,2,12.47712462,0,false,false,false,false,false,false,false,false,false,false,false,false,false,false,false,false,false,false,false,false,false,false,
WAM06600-038208,2012,Upper Columbia,Upper Columbia,2-Order,2,12.47712462,0,false,false,false,false,false,false,false,false,false,false,false,false,false,false,false,false,false,false,false,false,false,false,
WAM06600-003672,2012,Upper Columbia,Upper Columbia,3-Order,3,11.74994747,0,false,false,false,false,false,false,false,false,false,false,false,false,false,false,false,false,false,false,false,false,false,false,
WAM06600-004240,2012,Upper Columbia,Upper Columbia,2-Order,2,12.47712462,0,false,false,false,false,false,false,false,false,false,false,false,false,false,false,false,false,false,false,false,false,false,false,
WAM06600-004492,2012,Upper Columbia,Upper Columbia,3-Order,3,11.74994747,0,false,false,false,false,false,false,false,false,false,false,false,false,false,false,false,false,false,false,false,false,false,false,
WAM06600-011788,2012,Upper Columbia,Upper Columbia,3-Order,3,11.74994747,0,false,false,false,false,false,false,false,false,false,false,false,false,false,false,false,false,false,false,false,false,false,false,
WAM06600-013920,2012,Upper Columbia,Upper Columbia,0-Order,0,8.054326862,0,false,false,false,false,false,false,false,false,false,false,false,false,false,false,false,false,false,false,false,false,false,false,
WAM06600-017208,2012,Upper Columbia,Upper Columbia,0-Order,0,8.054326862,0,false,false,false,false,false,false,false,false,false,false,false,false,false,false,false,false,false,false,false,false,false,false,
WAM06600-004314,2010,Coastal,Coastal,4-Order+,7,56.06340004,1,false,false,false,false,false,false,false,false,false,false,false,false,false,false,false,false,true,false,false,false,false,false,
WAM06600-007313,2010,Lower Columbia,Lower Columbia,3-Order,3,49.34146304,1,false,false,false,false,false,false,false,false,false,false,false,false,false,false,false,false,false,false,false,false,false,true,
WAM06600-000209,2010,Lower Columbia,Lower Columbia,4-Order+,5,61.14967642,1,false,true,false,false,false,false,false,false,false,false,false,false,false,false,false,false,false,false,false,false,false,false,
WAM06600-000177,2010,Lower Columbia,Lower Columbia,0-Order,0,306.170104,1,true,false,false,false,false,false,false,false,false,false,false,false,false,false,false,false,false,false,false,false,false,false,
WAM06600-034965,2011,Mid Columbia,Mid Columbia,3-Order,3,30.82159974,1,false,false,false,false,false,false,false,false,true,false,false,false,false,false,false,false,false,false,false,false,false,false,
WAM06600-000541,2011,Mid Columbia,Mid Columbia,0-Order,0,9.375681764,1,false,false,false,false,false,false,false,false,false,false,false,false,false,false,true,false,false,false,false,false,false,false,
WAM06600-007006,2011,Mid Columbia,Mid Columbia,3-Order,3,30.82159974,1,true,false,false,false,false,false,false,false,false,false,false,false,false,false,false,false,false,false,false,false,false,false,
WAM06600-010526,2011,Mid Columbia,Mid Columbia,2-Order,2,36.75045295,1,true,false,false,false,false,false,false,false,false,false,false,false,false,false,false,false,false,false,false,false,false,false,
WAM06600-012453,2011,Mid Columbia,Mid Columbia,2-Order,2,36.75045295,1,true,false,false,false,false,false,false,false,false,false,false,false,false,false,false,false,false,false,false,false,false,false,
WAM06600-006045,2011,Mid Columbia,Mid Columbia,2-Order,2,36.75045295,1,true,false,false,false,false,false,false,false,false,false,false,false,false,false,false,false,false,false,false,false,false,false,
WAM06600-000750,2010,No Region,No Region,1-Order,1,255.0313722,1,false,false,false,false,false,false,false,false,false,true,false,false,false,false,false,false,false,false,false,false,false,false,
WAM06600-000872,2010,No Region,No Region,3-Order,3,112.251815,1,false,false,false,false,false,false,false,false,false,false,true,false,false,false,false,false,false,false,false,false,false,false,
WAM06600-001199,2010,No Region,No Region,2-Order,2,101.5611659,1,true,false,false,false,false,false,false,false,false,false,false,false,false,false,false,false,false,false,false,false,false,false,
WAM06600-001308,2010,No Region,No Region,1-Order,1,255.0313722,1,true,false,false,false,false,false,false,false,false,false,false,false,false,false,false,false,false,false,false,false,false,false,
WAM06600-003076,2010,No Region,No Region,1-Order,1,255.0313722,1,true,false,false,false,false,false,false,false,false,false,false,false,false,false,false,false,false,false,false,false,false,false,
WAM06600-001743,2010,No Region,No Region,3-Order,3,112.251815,1,true,false,false,false,false,false,false,false,false,false,false,false,false,false,false,false,false,false,false,false,false,false,
WAM06600-000464,2012,Northeast Washington,Northeast Washington,3-Order,3,19.79437084,1,false,false,false,false,false,false,false,false,false,false,false,false,false,false,false,true,false,false,false,false,false,false,
WAM06600-012124,2012,Northeast Washington,Northeast Washington,3-Order,3,19.79437084,1,true,false,false,false,false,false,false,false,false,false,false,false,false,false,false,false,false,false,false,false,false,false,
WAM06600-012268,2012,Northeast Washington,Northeast Washington,3-Order,3,19.79437084,1,true,false,false,false,false,false,false,false,false,false,false,false,false,false,false,false,false,false,false,false,false,false,
WAM06600-014292,2012,Northeast Washington,Northeast Washington,2-Order,2,14.06769752,1,true,false,false,false,false,false,false,false,false,false,false,false,false,false,false,false,false,false,false,false,false,false,
WAM06600-017280,2012,Northeast Washington,Northeast Washington,1-Order,1,26.39249446,1,true,false,false,false,false,false,false,false,false,false,false,false,false,false,false,false,false,false,false,false,false,false,
WAM06600-017584,2012,Northeast Washington,Northeast Washington,3-Order,3,19.79437084,1,true,false,false,false,false,false,false,false,false,false,false,false,false,false,false,false,false,false,false,false,false,false,
WAM06600-020012,2012,Northeast Washington,Northeast Washington,1-Order,1,26.39249446,1,true,false,false,false,false,false,false,false,false,false,false,false,false,false,false,false,false,false,false,false,false,false,
WAM06600-022420,2012,Northeast Washington,Northeast Washington,2-Order,2,14.06769752,1,true,false,false,false,false,false,false,false,false,false,false,false,false,false,false,false,false,false,false,false,false,false,
WAM06600-008128,2012,Northeast Washington,Northeast Washington,3-Order,3,19.79437084,1,true,false,false,false,false,false,false,false,false,false,false,false,false,false,false,false,false,false,false,false,false,false,
WAM06600-000800,2012,Northeast Washington,Northeast Washington,1-Order,1,26.39249446,1,true,false,false,false,false,false,false,false,false,false,false,false,false,false,false,false,false,false,false,false,false,false,
WAM06600-006320,2012,Northeast Washington,Northeast Washington,3-Order,3,19.79437084,1,true,false,false,false,false,false,false,false,false,false,false,false,false,false,false,false,false,false,false,false,false,false,
WAM06600-007992,2012,Northeast Washington,Northeast Washington,2-Order,2,14.06769752,1,true,false,false,false,false,false,false,false,false,false,false,false,false,false,false,false,false,false,false,false,false,false,
WAM06600-010088,2012,Northeast Washington,Northeast Washington,2-Order,2,14.06769752,1,true,false,false,false,false,false,false,false,false,false,false,false,false,false,false,false,false,false,false,false,false,false,
WAM06600-013632,2012,Northeast Washington,Northeast Washington,2-Order,2,14.06769752,1,true,false,false,false,false,false,false,false,false,false,false,false,false,false,false,false,false,false,false,false,false,false,
WAM06600-000209,2012,Northeast Washington,Northeast Washington,2-Order,2,14.06769752,1,true,false,false,false,false,false,false,false,false,false,false,false,false,false,false,false,false,false,false,false,false,false,
WAM06600-015244,2012,Northeast Washington,Northeast Washington,2-Order,2,14.06769752,1,true,false,false,false,false,false,false,false,false,false,false,false,false,false,false,false,false,false,false,false,false,false,
WAM06600-011740,2012,Northeast Washington,Northeast Washington,0-Order,0,18.05533051,1,true,false,false,false,false,false,false,false,false,false,false,false,false,false,false,false,false,false,false,false,false,false,Northern leopard frog
WAM06600-003728,2009,Puget Sound,Puget Sound,2-Order,2,205.7314414,1,false,false,false,false,true,false,false,false,false,false,false,false,false,false,false,false,false,false,false,false,false,false,
WAM06600-005067,2009,Puget Sound,Puget Sound,1-Order,1,115.4750671,1,true,false,false,false,false,false,false,false,false,false,false,false,false,false,false,false,false,false,false,false,false,false,
WAM06600-006467,2009,Puget Sound,Puget Sound,1-Order,1,115.4750671,1,true,false,false,false,false,false,false,false,false,false,false,false,false,false,false,false,false,false,false,false,false,false,
WAM06600-004745,2011,Snake River,Snake River,4-Order+,5,33.0455331,1,false,false,false,false,false,false,false,false,false,false,false,false,true,false,false,false,false,false,false,false,false,false,
WAM06600-001365,2011,Snake River,Snake River,0-Order,0,4.442508026,,,,,,,,,,,,,,,,,,,,,,,,
WAM06600-017264,2012,Upper Columbia,Upper Columbia,1-Order,1,18.90973901,1,true,false,false,false,false,false,false,false,false,false,false,false,false,false,false,false,false,false,false,false,false,false,
WAM06600-017616,2012,Upper Columbia,Upper Columbia,1-Order,1,18.90973901,1,true,false,false,false,false,false,false,false,false,false,false,false,false,false,false,false,false,false,false,false,false,false,
WAM06600-017680,2012,Upper Columbia,Upper Columbia,1-Order,1,18.90973901,1,true,false,false,false,false,false,false,false,false,false,false,false,false,false,false,false,false,false,false,false,false,false,
WAM06600-018296,2012,Upper Columbia,Upper Columbia,2-Order,2,12.47712462,1,true,false,false,false,false,false,false,false,false,false,false,false,false,false,false,false,false,false,false,false,false,false,
WAM06600-034624,2012,Upper Columbia,Upper Columbia,3-Order,3,11.74994747,1,true,false,false,false,false,false,false,false,false,false,false,false,false,false,false,false,false,false,false,false,false,false,
WAM06600-034631,2012,Upper Columbia,Upper Columbia,2-Order,2,12.47712462,1,true,false,false,false,false,false,false,false,false,false,false,false,false,false,false,false,false,false,false,false,false,false,
WAM06600-000188,2012,Upper Columbia,Upper Columbia,3-Order,3,11.74994747,1,true,false,false,false,false,false,false,false,false,false,false,false,false,false,false,false,false,false,false,false,false,false,
WAM06600-003580,2012,Upper Columbia,Upper Columbia,3-Order,3,11.74994747,1,true,false,false,false,false,false,false,false,false,false,false,false,false,false,false,false,false,false,false,false,false,false,
WAM06600-005424,2012,Upper Columbia,Upper Columbia,1-Order,1,18.90973901,1,true,false,false,false,false,false,false,false,false,false,false,false,false,false,false,false,false,false,false,false,false,false,
WAM06600-006284,2012,Upper Columbia,Upper Columbia,1-Order,1,18.90973901,1,true,false,false,false,false,false,false,false,false,false,false,false,false,false,false,false,false,false,false,false,false,false,
WAM06600-008947,2012,Upper Columbia,Upper Columbia,3-Order,3,11.74994747,1,true,false,false,false,false,false,false,false,false,false,false,false,false,false,false,false,false,false,false,false,false,false,
WAM06600-047312,2012,Upper Columbia,Upper Columbia,3-Order,3,11.74994747,1,true,false,false,false,false,false,false,false,false,false,false,false,false,false,false,false,false,false,false,false,false,false,
WAM06600-002642,2010,Coastal,Coastal,4-Order+,5,56.06340004,2,false,false,false,false,false,false,false,false,false,false,false,false,true,false,false,false,true,false,false,false,false,false,Longnose dace
WAM06600-006798,2011,Mid Columbia,Mid Columbia,0-Order,0,9.375681764,2,false,false,false,false,false,true,false,false,false,false,false,false,false,false,false,false,false,false,false,false,false,true,
WAM06600-000618,2010,No Region,No Region,4-Order+,5,195.3099345,2,true,false,false,false,false,false,false,false,false,false,false,false,false,false,false,true,false,false,false,false,false,false,
WAM06600-002088,2012,Northeast Washington,Northeast Washington,4-Order+,5,17.01621353,2,false,false,false,false,false,false,false,false,false,false,false,true,true,false,false,false,false,false,false,false,false,false,Malheur sculpin
WAM06600-002816,2012,Northeast Washington,Northeast Washington,4-Order+,9,17.01621353,2,false,false,false,false,false,false,false,false,false,false,false,false,true,false,false,false,false,false,false,true,false,false,
WAM06600-005500,2012,Northeast Washington,Northeast Washington,3-Order,3,19.79437084,2,true,false,false,false,false,false,false,false,false,false,false,false,false,false,false,true,false,false,false,false,false,false,
WAM06600-017852,2012,Northeast Washington,Northeast Washington,1-Order,1,26.39249446,2,true,false,false,false,false,false,false,false,false,false,false,false,false,false,false,true,false,false,false,false,false,false,
WAM06600-020811,2012,Northeast Washington,Northeast Washington,4-Order+,4,17.01621353,2,true,false,false,false,false,false,false,false,false,false,false,false,false,false,false,false,false,true,false,false,false,false,
WAM06600-004889,2011,Snake River,Snake River,4-Order+,8,33.0455331,2,false,false,false,false,false,false,false,true,false,false,false,false,true,false,false,false,false,false,false,false,false,false,
WAM06600-008809,2011,Snake River,Snake River,4-Order+,8,33.0455331,2,false,false,false,false,false,false,false,true,false,false,false,false,true,false,false,false,false,false,false,false,false,false,
WAM06600-009349,2011,Snake River,Snake River,4-Order+,8,33.0455331,2,false,false,false,false,false,false,false,true,false,false,false,false,true,false,false,false,false,false,false,false,false,false,
WAM06600-031449,2011,Snake River,Snake River,4-Order+,8,33.0455331,2,false,false,false,false,false,false,false,true,false,false,false,false,true,false,false,false,false,false,false,false,false,false,
WAM06600-085981,2011,Snake River,Snake River,4-Order+,6,33.0455331,2,false,false,false,false,false,false,false,true,false,false,false,false,true,false,false,false,false,false,false,false,false,false,
WAM06600-003608,2012,Northeast Washington,Northeast Washington,4-Order+,9,17.01621353,3,false,true,false,false,false,false,false,false,false,false,false,false,true,false,false,false,false,false,true,false,false,false,
WAM06600-006552,2012,Northeast Washington,Northeast Washington,4-Order+,9,17.01621353,4,false,true,false,false,false,false,false,false,false,false,false,false,true,false,false,true,false,true,false,false,false,false,
WAM06600-010240,2012,Northeast Washington,Northeast Washington,4-Order+,9,17.01621353,5,false,true,false,false,false,false,false,false,false,false,true,false,true,false,false,false,false,true,true,false,false,false,
WAM06600-011200,2012,Northeast Washington,Northeast Washington,4-Order+,9,17.01621353,5,false,true,false,false,false,false,false,false,false,false,false,false,true,false,false,true,false,true,true,false,false,false,
WAM06600-011760,2012,Northeast Washington,Northeast Washington,4-Order+,9,17.01621353,6,false,true,false,true,false,false,false,false,false,false,true,false,true,false,false,false,false,true,true,false,false,false,
WAM06600-000417,2011,Mid Columbia,Mid Columbia,3-Order,3,30.82159974,,,,,,,,,,,,,,,,,,,,,,,,
WAM06600-000586,2010,No Region,No Region,4-Order+,5,195.3099345,,,,,,,,,,,,,,,,,,,,,,,,
WAM06600-000091,2012,Northeast Washington,Northeast Washington,0-Order,0,18.05533051,,,,,,,,,,,,,,,,,,,,,,,,
WAM06600-000211,2009,Puget Sound,Puget Sound,0-Order,0,283.0149047,,,,,,,,,,,,,,,,,,,,,,,,
WAM06600-000222,2009,Puget Sound,Puget Sound,4-Order+,5,96.00800601,,,,,,,,,,,,,,,,,,,,,,,,
WAM06600-000308,2009,Puget Sound,Puget Sound,4-Order+,6,96.00800601,,,,,,,,,,,,,,,,,,,,,,,,
WAM06600-000391,2009,Puget Sound,Puget Sound,4-Order+,4,96.00800601,,,,,,,,,,,,,,,,,,,,,,,,
WAM06600-000426,2009,Puget Sound,Puget Sound,4-Order+,5,96.00800601,,,,,,,,,,,,,,,,,,,,,,,,
WAM06600-000384,2012,Upper Columbia,Upper Columbia,1-Order,1,18.90973901,,,,,,,,,,,,,,,,,,,,,,,,
WAM06600-001232,2012,Upper Columbia,Upper Columbia,4-Order+,5,43.70753406,,,,,,,,,,,,,,,,,,,,,,,,
WAM06600-001968,2012,Upper Columbia,Upper Columbia,4-Order+,5,43.70753406,,,,,,,,,,,,,,,,,,,,,,,,
WAM06600-002576,2012,Upper Columbia,Upper Columbia,0-Order,0,8.054326862,,,,,,,,,,,,,,,,,,,,,,,,
WAM06600-003383,2012,Upper Columbia,Upper Columbia,2-Order,2,12.47712462,,,,,,,,,,,,,,,,,,,,,,,,
WAM06600-003636,2012,Upper Columbia,Upper Columbia,0-Order,0,8.054326862,,,,,,,,,,,,,,,,,,,,,,,,
